kw_a,kw_b,weight
disaster management,machine learning,121
deep learning,remote sensing,109
deep learning,disaster management,98
deep learning,machine learning,77
machine learning,remote sensing,69
artificial intelligence,machine learning,54
artificial intelligence,disaster management,53
machine learning,random forest,49
deep learning,semantic segmentation,43
convolutional neural network,deep learning,41
disaster management,remote sensing,40
disaster management,social media,38
machine learning,natural disaster,38
flood,machine learning,35
deep learning,satellite imagery,33
machine learning,social media,32
artificial intelligence,deep learning,31
deep learning,transfer learning,29
artificial intelligence,natural disaster,27
deep learning,flood detection,27
computer vision,deep learning,27
deep learning,flood,26
convolutional neural network,remote sensing,26
disaster,flood,25
deep learning,earthquake,24
cnn,deep learning,24
deep learning,disaster response,24
landslide,machine learning,24
deep learning,image classification,23
flood prediction,machine learning,23
emergency response,machine learning,23
artificial intelligence,remote sensing,23
gis,machine learning,23
disaster,machine learning,23
change detection,deep learning,23
deep learning,natural disaster,22
disaster management,natural disaster,22
deep learning,object detection,22
deep learning,landslide,22
earthquake,machine learning,22
deep learning,image processing,22
deep learning,social media,22
climate change,machine learning,21
disaster response,machine learning,21
deep learning,feature extraction,21
machine learning,support vector machine,20
feature extraction,remote sensing,20
early warning system,machine learning,20
change detection,remote sensing,19
deep learning,emergency response,19
disaster management,flood,19
remote sensing,semantic segmentation,19
accuracy,feature extraction,19
deep learning,transformer,19
disaster management,natural language processing,19
deep learning,image segmentation,19
deep learning,disaster,19
machine learning,natural language processing,19
natural disaster,social media,18
random forest,support vector machine,18
damage assessment,deep learning,18
accuracy,deep learning,18
deep learning,landslide detection,18
disaster management,flood prediction,18
disaster,earthquake,17
deep learning,u-net,17
accuracy,remote sensing,17
classification,machine learning,17
flood,remote sensing,17
computer vision,machine learning,17
computer vision,remote sensing,17
deep learning,neural network,17
artificial intelligence,internet of thing,16
deep learning,sar,16
deep learning,lstm,16
social media,twitter,16
remote sensing,transformer,16
convolutional neural network,disaster management,16
disaster management,early warning system,16
machine learning,prediction,15
machine learning,risk assessment,15
logistic regression,random forest,15
landslide detection,remote sensing,15
artificial intelligence,disaster response,15
machine learning,twitter,15
disaster management,earthquake,15
machine learning,neural network,14
deep learning,flood mapping,14
random forest,xgboost,14
disaster,remote sensing,14
artificial intelligence,early warning system,14
artificial intelligence,climate change,14
deep learning,natural language processing,14
deep learning,wildfire,14
big data,machine learning,14
convolutional neural network,feature extraction,14
accuracy,flood,14
landslide susceptibility,machine learning,14
disaster management,semantic segmentation,14
convolutional neural network,transfer learning,14
flood mapping,remote sensing,13
remote sensing,satellite imagery,13
landslide,random forest,13
convolutional neural network,machine learning,13
deep learning,satellite image,13
artificial intelligence,disaster,13
gis,remote sensing,13
disaster,social media,13
artificial neural network,machine learning,13
artificial intelligence ai,internet of things iot,13
machine learning,wildfire,13
accuracy,disaster,13
convolutional neural networks cnn,deep learning,13
remote sensing,satellite,13
disaster management,satellite imagery,12
disaster management,random forest,12
disaster management,internet of thing,12
computer vision,disaster management,12
climate change,disaster management,12
building damage assessment,deep learning,12
artificial intelligence,flood,12
artificial intelligence,emergency response,12
deep learning,synthetic aperture radar,12
machine learning,resilience,12
convolutional neural network,image classification,12
disaster management,wildfire,12
disaster management,image processing,12
classification,deep learning,12
disaster management,iot,12
landslide,remote sensing,12
disaster management,emergency response,12
data model,disaster,12
natural language processing,social media,11
disaster response,social media,11
accuracy,data model,11
natural disaster,remote sensing,11
iot,machine learning,11
damage assessment,machine learning,11
deep learning,uav,11
hazard,vulnerability,11
deep learning,training,11
disaster management,flood mapping,11
logistic regression,machine learning,11
internet of thing,machine learning,11
attention mechanism,deep learning,11
data model,flood,11
disaster management,flood detection,11
disaster management,gis,11
disaster,disaster management,10
disaster management,real-time monitoring,10
artificial intelligence,earthquake,10
damage detection,deep learning,10
sentiment analysi,twitter,10
damage assessment,remote sensing,10
deep learning,tropical cyclone,10
deep learning,yolov8,10
convolutional neural network cnn,deep learning,10
deep learning,explainable ai,10
flood detection,semantic segmentation,10
data model,deep learning,10
remote sensing,uav,10
feature extraction,transformer,10
natural disaster,twitter,10
disaster management,uav,10
machine learning,xgboost,10
deep learning,sentinel-1,10
disaster risk management,machine learning,10
feature extraction,training,10
image classification,transfer learning,10
earthquake prediction,machine learning,10
flood,semantic segmentation,10
artificial intelligence,computer vision,10
machine learning,sentiment analysi,10
building,remote sensing,9
deep learning,early warning system,9
earthquake,remote sensing,9
remote sensing,satellite image,9
sentinel-1,sentinel-2,9
social media,text classification,9
decision tree,machine learning,9
data model,feature extraction,9
image segmentation,remote sensing,9
disaster,feature extraction,9
image processing,machine learning,9
classification,disaster management,9
cnn,transfer learning,9
machine learning,vulnerability,9
data mining,machine learning,9
big data,disaster management,9
disaster management,sentiment analysi,9
deep learning,satellite,9
machine learning,predictive modeling,9
landslide,susceptibility,9
ensemble learning,machine learning,9
earthquake,flood,9
building damage,deep learning,9
remote sensing,u-net,9
cnn,machine learning,9
flood susceptibility,machine learning,9
disaster management,smart city,9
sentiment analysi,social media,9
earthquake,random forest,9
disaster management,twitter,9
deep learning,remote sensing image,9
disaster,resilience,9
convolutional neural network,earthquake,9
emergency management,machine learning,9
deep learning,wildfire detection,9
data augmentation,deep learning,8
disaster risk reduction,machine learning,8
flood,flood mapping,8
feature selection,machine learning,8
disaster resilience,machine learning,8
anomaly detection,deep learning,8
computational modeling,deep learning,8
data model,predictive model,8
decision support system,disaster management,8
artificial intelligence,iot,8
artificial intelligence,social media,8
disaster management,real-time system,8
random forest,remote sensing,8
object detection,remote sensing,8
disaster management,geospatial analysi,8
emergency response,remote sensing,8
disaster,twitter,8
building,feature extraction,8
deep learning,yolo,8
convolutional neural network,disaster response,8
accuracy,transformer,8
artificial intelligence,wildfire,8
landslide prediction,machine learning,8
landslide susceptibility,random forest,8
building,deep learning,8
early warning system,predictive analytic,8
convolutional neural network cnn,remote sensing,8
deep learning,twitter,8
artificial intelligence,convolutional neural network,8
artificial intelligence,emergency management,8
convolution neural network,deep learning,8
image processing,remote sensing,8
machine learning,predictive analytic,8
disaster response,remote sensing,8
machine learning,transfer learning,8
hurricane,machine learning,8
flood,landslide,8
flood mapping,sar,7
artificial intelligence,drone,7
flash flood,machine learning,7
disaster management,image classification,7
artificial intelligence,big data,7
accuracy,predictive model,7
disaster management,object detection,7
environmental monitoring,remote sensing,7
building,earthquake,7
damage assessment,disaster management,7
accuracy,earthquake,7
disaster,predictive model,7
flood detection,remote sensing,7
remote sensing,transfer learning,7
earthquake,feature extraction,7
logistic regression,support vector machine,7
forecasting,machine learning,7
natural disaster,sentiment analysi,7
sentinel-1,synthetic aperture radar,7
flood,synthetic aperture radar,7
disaster management,support vector machine,7
artificial intelligence,resilience,7
decision tree,random forest,7
gis,landslide,7
artificial intelligence,natural language processing,7
disaster preparedness,machine learning,7
data analysi,machine learning,7
machine learning,natural hazard,7
machine learning,real-time monitoring,7
risk assessment,vulnerability,7
deep learning,real-time monitoring,7
disaster management,risk assessment,7
convolutional neural network,semantic segmentation,7
flood mapping,machine learning,7
accuracy,convolutional neural network,7
disaster management,internet of things iot,7
deep learning,environmental monitoring,7
natural language processing,twitter,7
deep learning,unmanned aerial vehicle,7
disaster response,natural language processing,7
emergency management,natural disaster,7
deep learning,deeplabv3,7
deep learning,synthetic aperture radar sar,7
classification,remote sensing,7
random forest,susceptibility,7
machine learning,satellite imagery,7
flood,urban area,7
artificial intelligence,natural disaster management,7
google earth engine,machine learning,7
neural network,remote sensing,7
earthquake,wildfire,7
disaster management,flood monitoring,7
image classification,remote sensing,7
geographic information system,remote sensing,7
machine learning,optimization,7
flood,sentinel-1,7
machine learning,sustainability,7
remote sensing,wildfire,7
disaster management,neural network,7
remote sensing,terrain factor,7
remote sensing,training,7
disaster,drone,7
artificial neural network,disaster management,7
disaster management,forest fire,7
disaster,landslide,7
machine learning,uav,7
deep learning,segmentation,7
machine learning,urban flood,6
disaster,urban area,6
machine learning,situational awareness,6
landslide susceptibility,remote sensing,6
remote sensing,social media,6
emergency response,social media,6
flood detection,machine learning,6
machine learning,sar,6
convolutional neural network cnn,feature extraction,6
emergency response,natural disaster,6
machine learning,shap,6
environmental monitoring,machine learning,6
feature extraction,semantic segmentation,6
building damage,earthquake,6
image classification,natural disaster,6
dataset,deep learning,6
bert,deep learning,6
sar,sentinel-1,6
artificial intelligence,smart city,6
building,disaster,6
convolutional neural network,landslide detection,6
geospatial analysi,machine learning,6
disaster management,disaster response,6
landslide susceptibility mapping,random forest,6
artificial intelligence,digital twin,6
semantic segmentation,u-net,6
optical sensor,remote sensing,6
damage detection,machine learning,6
accuracy,disaster management,6
damage assessment,satellite imagery,6
natural language processing,text classification,6
artificial intelligence,geographic information system,6
deep learning,fire detection,6
deep learning,prediction,6
machine learning,susceptibility assessment,6
deep learning,task analysi,6
earthquake,training,6
deep learning,sentinel-2,6
cnn,natural disaster,6
artificial intelligence ai,disaster management,6
artificial intelligence,natural hazard,6
disaster management,natural hazard,6
climate change,resilience,6
cloud computing,disaster management,6
lstm,machine learning,6
flood,predictive model,6
disaster response,natural disaster,6
disaster management,geographic information system,6
geographic information system,machine learning,6
computer vision,natural disaster,6
artificial intelligence ai,natural disaster,6
change detection,disaster management,6
computational modeling,remote sensing,6
artificial intelligence,disaster risk management,6
climate change,natural disaster,6
flooding,machine learning,6
emergency management,social media,6
remote sensing,task analysi,6
disaster management,unmanned aerial vehicle,6
earth observation,remote sensing,6
data fusion,deep learning,6
data fusion,remote sensing,6
artificial neural network,earthquake,6
disaster response,twitter,6
convolutional neural network,image segmentation,6
machine learning,satellite,6
prediction,rainfall,6
flood,sar,6
drought,machine learning,6
computer vision,damage assessment,6
cnn,disaster management,6
earthquake,twitter,6
remote sensing,synthetic aperture radar,6
convolutional neural networks cnn,satellite imagery,6
deep learning,real-time system,6
big data,natural disaster,6
convolutional neural networks cnn,disaster management,6
disaster management,text classification,6
natural disaster,neural network,6
deep learning,unet,6
earth observation,machine learning,6
deep learning,detection,6
disaster,satellite,6
climate change,risk assessment,6
building,training,6
disaster management,predictive modeling,6
damage assessment,disaster response,6
disaster management,ensemble learning,6
earthquake,natural disaster,6
machine learning,text classification,6
emergency response,real-time monitoring,6
deep learning,ensemble learning,6
deep learning,yolov5,6
bert,social media,6
anomaly detection,machine learning,6
disaster management,optimization,6
feature extraction,semantic,5
flood,real-time system,5
disaster management,yolo,5
deep learning,urban flood,5
landslide susceptibility assessment,machine learning,5
deep learning,predictive model,5
disaster management,satellite image,5
computer vision,disaster response,5
disaster management,lstm,5
artificial intelligence,unmanned aerial vehicle,5
classification,flood,5
autoencoder,deep learning,5
landslide,risk assessment,5
satellite imagery,transfer learning,5
landslide susceptibility mapping,machine learning,5
earthquake,social media,5
forest fire,machine learning,5
early warning system,remote sensing,5
early warning system,real-time monitoring,5
random forest,risk assessment,5
decision making,disaster management,5
data model,remote sensing,5
climate change,natural hazard,5
cnn,remote sensing,5
deep learning,disaster assessment,5
climate change,remote sensing,5
machine learning,wildfire prediction,5
landslide,semantic segmentation,5
big data,social media,5
feature extraction,object detection,5
attention mechanism,remote sensing,5
attention mechanism,feature extraction,5
convolutional neural network,satellite image,5
flood detection,transfer learning,5
remote sensing,urban area,5
accuracy,training,5
flood,satellite,5
deep learning,natural hazard,5
climate change,flood,5
disaster,semantic segmentation,5
feature extraction,machine learning,5
convolutional neural network,transformer,5
accuracy,building,5
accuracy,satellite image,5
convolutional neural network,damage assessment,5
remote sensing,sar,5
geoai,machine learning,5
machine learning,transformer,5
disaster management,u-net,5
machine learning,rainfall,5
edge computing,iot,5
deep learning,image recognition,5
artificial intelligence,predictive modeling,5
computational modeling,feature extraction,5
hazard,machine learning,5
remote sensing,sentinel-1,5
emergency response,risk assessment,5
artificial neural network,flood,5
deep learning,smart city,5
change detection,sar,5
deep learning,flood prediction,5
deep learning,natural disaster management,5
artificial intelligence,sensor,5
earthquake,transfer learning,5
artificial intelligence,classification,5
earthquake,predictive model,5
machine learning,topic modeling,5
drone,internet of thing,5
disaster management,landslide,5
climate resilience,machine learning,5
disaster management,transfer learning,5
data model,training,5
flood hazard,machine learning,5
building damage,remote sensing,5
flood,natural disaster,5
feature extraction,terrain factor,5
semantic,semantic segmentation,5
convolutional neural network,social media,5
crowdsourcing,social media,5
remote sensing,semantic,5
disaster management,wildfire detection,5
damage assessment,transfer learning,5
drought,flood,5
convolutional neural network,flood,5
feature extraction,optical sensor,5
disaster,training,5
disaster response,resilience,5
earthquake,terrain factor,5
convolutional neural network,random forest,5
disaster,transformer,5
change detection,landslide,5
image classification,machine learning,5
artificial intelligence,neural network,5
deep learning,semantic,5
flood,random forest,5
change detection,sentinel-2,5
disaster response,earthquake,5
natural disaster,resilience,5
artificial intelligence ai,machine learning ml,5
deep learning,drone,5
computer vision,transformer,5
accuracy,wildfire,5
deep learning,lidar,5
deep learning,flood forecasting,5
disaster management,image segmentation,5
accuracy,real-time system,5
deep learning,unmanned aerial vehicles uav,5
climate change,deep learning,5
gis,random forest,5
convolutional neural network,image processing,5
emergency response,twitter,5
deep learning,disaster mitigation,5
convolutional neural network,unmanned aerial vehicle,5
flood,wildfire,5
flood risk assessment,machine learning,5
disaster,real-time system,5
disaster,internet of thing,5
deep learning,internet of thing,5
disaster management,unmanned aerial vehicles uav,5
accuracy,machine learning,5
earthquake,neural network,5
landslide detection,transformer,5
natural language processing,sentiment analysi,5
artificial intelligence,real-time monitoring,5
attention mechanism,remote sensing image,5
disaster response,flood monitoring,5
flood,xgboost,5
artificial intelligence,transfer learning,5
deep learning,hurricane,5
flood mapping,synthetic aperture radar,5
convolutional neural network cnn,disaster management,5
damage detection,remote sensing,5
cloud computing,machine learning,5
accuracy,urban area,5
computer vision,social media,5
accuracy,semantic segmentation,5
disaster management,flood management,5
frequency ratio,landslide susceptibility,5
artificial intelligence ai,machine learning,5
edge computing,machine learning,5
climate change,disaster,5
artificial intelligence,predictive analytic,5
building damage assessment,remote sensing,5
cnn,lstm,5
convolutional neural networks cnn,image classification,4
disaster management,landslide detection,4
attention mechanism,u-net,4
damage assessment,emergency response,4
flood forecasting,machine learning,4
data mining,disaster management,4
disaster management,risk,4
artificial neural network,random forest,4
disaster management,landslide prediction,4
change detection,remote sensing image,4
explainable ai,machine learning,4
deep learning,disaster resilience,4
change detection,u-net,4
disaster management,sustainable development,4
convolutional neural network,natural disaster,4
drone,unmanned aerial vehicle,4
computational modeling,data model,4
deep learning,urban flooding,4
natural hazard,remote sensing,4
flood prediction,random forest,4
hazard,risk,4
deep learning,xgboost,4
semantic segmentation,wildfire,4
disaster management,large language model,4
disaster prediction,machine learning,4
deeplabv3,disaster management,4
cnn,image classification,4
disaster management,fire detection,4
machine learning,prediction model,4
landslide detection,terrain factor,4
machine learning,urban resilience,4
emergency response,satellite imagery,4
logistic regression,xgboost,4
google earth engine,remote sensing,4
damage assessment,drone,4
deep learning,human detection,4
machine learning,risk management,4
deep learning,terrain factor,4
artificial intelligence,prediction,4
landslide,rainfall,4
object detection,yolo,4
disaster response,early warning system,4
convolutional neural network cnn,landslide detection,4
convolutional neural network cnn,earthquake,4
risk,vulnerability,4
deep learning,landslide susceptibility,4
disaster relief,machine learning,4
attention mechanism,change detection,4
decision tree,earthquake,4
disaster relief,social media,4
deep learning,risk assessment,4
machine learning,unmanned aerial vehicle,4
artificial intelligence,topic modeling,4
remote sensing,wildfire detection,4
flood management,machine learning,4
convolutional neural network,emergency response,4
decision support system,remote sensing,4
artificial neural network,logistic regression,4
damage assessment,earthquake,4
drone,machine learning,4
artificial intelligence,building,4
artificial intelligence,satellite,4
artificial intelligence,semantic segmentation,4
disaster management,situational awareness,4
artificial intelligence,cnn,4
cyclone,disaster management,4
building,machine learning,4
building,satellite,4
building,semantic,4
decision tree,disaster management,4
flood,vulnerability,4
computer vision,satellite,4
text classification,twitter,4
coseismic landslide,remote sensing,4
convolutional neural networks cnn,transformer,4
computer vision,drone,4
earthquake,landslide,4
emergency response,flood disaster,4
disaster management,predictive model,4
hazard,risk assessment,4
flooding,remote sensing,4
machine learning,urban flooding,4
artificial intelligence,disaster resilience,4
flood monitoring,image processing,4
computer vision,convolutional neural networks cnn,4
deep learning,unmanned aerial vehicle uav,4
artificial intelligence,forest fire,4
artificial intelligence,uav,4
deep learning,feature selection,4
satellite imagery,transformer,4
data analysi,disaster management,4
cyclone,deep learning,4
deep learning,hybrid model,4
cyclone,flood,4
remote sensing,unmanned aerial vehicles uav,4
rainfall,random forest,4
classification,support vector machine,4
satellite,satellite image,4
disaster management,environmental monitoring,4
accuracy,image segmentation,4
satellite imagery,semantic segmentation,4
disaster risk management,early warning system,4
computational modeling,disaster,4
remote sensing,sentinel-2,4
flood detection,satellite imagery,4
drone,remote sensing,4
feature extraction,monitoring,4
feature extraction,task analysi,4
data fusion,machine learning,4
semantic segmentation,transformer,4
computational modeling,semantic segmentation,4
digital twin,disaster management,4
disaster management,satellite,4
deep learning,disaster monitoring,4
flood,support vector machine,4
artificial intelligence,disaster monitoring,4
flood,resilience,4
natural disaster,semantic segmentation,4
deep learning,support vector machine,4
deep learning,flood disaster,4
deep learning,forecasting,4
sentinel-2,wildfire,4
disaster response,unmanned aerial vehicle,4
real-time monitoring,wildfire detection,4
machine learning,semantic segmentation,4
bert,disaster management,4
disaster management,predictive analytic,4
deep learning,urban area,4
satellite,task analysi,4
disaster risk management,natural disaster,4
disaster,emergency management,4
accuracy,computational modeling,4
deep learning,insar,4
flood,image segmentation,4
machine learning,sentinel-2,4
deep learning,forest fire,4
early warning system,landslide prediction,4
computer vision,convolutional neural network,4
early warning system,flood detection,4
disaster assessment,remote sensing,4
artificial neural network,flood prediction,4
artificial intelligence,decision support system,4
machine learning,svm,4
machine learning,synthetic aperture radar,4
early warning system,natural disaster,4
remote sensing,support vector machine,4
artificial intelligence,image processing,4
damage detection,transfer learning,4
disaster,satellite image,4
digital twin,internet of thing,4
digital twin,disaster,4
disaster management,yolov8,4
computer vision,internet of thing,4
deep learning,generative adversarial network,4
computer vision,disaster,4
damage assessment,hurricane,4
feature extraction,flood,4
flood prediction,predictive model,4
real-time monitoring,satellite imagery,4
accuracy,convolutional neural network cnn,4
disaster risk management,remote sensing,4
cnn,earthquake,4
artificial intelligence ai,natural disaster management,4
natural disaster,natural language processing,4
svm,xgboost,4
early warning,machine learning,4
machine learning,sustainable development,4
disaster management,drone,4
environmental monitoring,natural disaster management,4
convolutional neural network,tropical cyclone,4
flood,synthetic aperture radar sar,4
deep learning,internet of things iot,4
accuracy,terrain factor,4
data model,earthquake,4
environmental monitoring,prediction,4
flood prediction,logistic regression,4
flood monitoring,remote sensing,4
synthetic aperture radar,synthetic aperture radar sar,4
natural disaster management,prediction,4
hazard,landslide,4
disaster management,sensor,4
convolutional neural network cnn,transformer,4
sar,semantic segmentation,4
convolutional neural network,disaster,4
decision support system,machine learning,4
internet of things iot,real-time monitoring,4
gis,landslide susceptibility mapping,4
convolutional neural network,long short-term memory,4
machine learning,risk,4
disaster response,satellite imagery,4
machine learning,vulnerability assessment,4
disaster management,urban flooding,4
climate change,flood risk,4
cloud computing,iot,4
data model,urban area,4
convolution neural network,machine learning,4
attention mechanism,convolutional neural network,4
convolutional neural networks cnn,natural disaster,4
disaster management,reinforcement learning,4
attention mechanism,semantic segmentation,4
landslide susceptibility,logistic regression,4
accuracy,synthetic aperture radar,4
sentinel-1,synthetic aperture radar sar,4
convolutional neural network,satellite imagery,4
flood susceptibility,gis,4
disaster prediction,remote sensing,4
natural disaster,predictive modeling,4
computer vision,transfer learning,4
artificial intelligence ai,real-time monitoring,4
accuracy,flood mapping,4
early warning system,iot,4
internet of things iot,machine learning,4
convolutional neural network,twitter,4
convolutional neural network cnn,landslide,4
disaster,synthetic aperture radar,4
flood,image processing,4
machine learning,wildfire detection,3
critical infrastructure,disaster,3
landslide,neural network,3
sar,svm,3
disaster,geographic information system,3
drone,flood,3
flood,sentinel-2,3
accuracy,sentinel-1,3
decision support system,natural disaster,3
image classification,social media,3
remote sensing,risk assessment,3
deep reinforcement learning,urban flood,3
data mining,deep learning,3
flood,sensor,3
artificial intelligence,wildfire detection,3
disaster management,urban area,3
internet of thing,sensor,3
attention mechanism,transformer,3
artificial intelligence,change detection,3
remote sensing,spatiotemporal analysi,3
decision support system,earthquake,3
attention mechanism,disaster management,3
landslide mapping,transfer learning,3
crisis management,machine learning,3
deep learning,sensor,3
artificial intelligence,artificial neural network,3
deep learning,wildfire prediction,3
disaster management,flood forecasting,3
emergency response,flood monitoring,3
deep reinforcement learning,geographic information system,3
computer vision,unmanned aerial vehicle,3
damage assessment,flood,3
remote sensing,vision transformer,3
artificial intelligence,crisis management,3
cnn,damage detection,3
sar,sentinel-2,3
change detection,wildfire,3
neural network,sar,3
cyclone,disaster,3
disaster risk reduction,vulnerability,3
convolutional neural network,vision transformer,3
cnn,emergency response,3
cyclone,earthquake,3
machine learning,urban area,3
predictive analytic,real-time monitoring,3
disaster response,reinforcement learning,3
building,urban area,3
convolutional neural network,terrain factor,3
data model,semantic segmentation,3
convolutional neural network,remote sensing image,3
deep learning,geoai,3
disaster response,situational awareness,3
artificial intelligence,situational awareness,3
data model,time series analysi,3
computer vision,satellite imagery,3
hazard,remote sensing,3
semantic,transformer,3
artificial neural network,simulation,3
cyclone,wildfire,3
disaster,sentinel-1,3
deeplabv3,u-net,3
deep learning,federated learning,3
flood prediction,iot,3
disaster response,edge computing,3
machine learning,urban planning,3
u-net,wildfire,3
disaster,hurricane,3
random forest,urban flood,3
semantic segmentation,semi-supervised learning,3
flood mapping,semantic segmentation,3
accuracy,semantic,3
disaster,urban planning,3
gis,landslide susceptibility,3
convolutional neural network,environmental monitoring,3
flood mapping,google earth engine,3
disaster management,flood risk assessment,3
crisis informatic,social media,3
google earth engine,random forest,3
disaster management,xgboost,3
random forest,synthetic aperture radar,3
gis,risk assessment,3
disaster management,human detection,3
data model,monitoring,3
deeplabv3,semantic segmentation,3
feature extraction,wildfire,3
accuracy,monitoring,3
change detection,flood mapping,3
computational modeling,training,3
deep learning,drought,3
disaster management,prediction model,3
convolutional neural network,training,3
emergency response,training,3
machine learning,wireless sensor network,3
accuracy,satellite,3
ann,landslide,3
deep learning,topic modeling,3
convolutional neural network,data augmentation,3
accuracy,sensor,3
building,convolutional neural network,3
building,satellite image,3
genetic algorithm,machine learning,3
predictive model,training,3
computer vision,object detection,3
flood,flood prediction,3
convolutional neural network,predictive model,3
deep learning,long short-term memory,3
flood mapping,random forest,3
real-time system,urban area,3
feature extraction,neural network,3
feature extraction,predictive model,3
disaster risk management,gis,3
digital twin,real-time system,3
feature extraction,satellite image,3
digital twin,flood,3
data augmentation,machine learning,3
predictive model,remote sensing,3
convolutional neural network,flood detection,3
convolutional neural network,synthetic aperture radar,3
flood,segmentation,3
flood,uav,3
classification,segmentation,3
classification,neural network,3
hybrid model,machine learning,3
natural disaster,transfer learning,3
disaster management,flood risk,3
convolutional neural networks cnn,machine learning,3
machine learning,smart city,3
building damage detection,deep learning,3
deep learning,disaster prediction,3
deep learning,flood monitoring,3
earthquake,segmentation,3
earthquake,transformer,3
disaster management,risk management,3
computer vision,structural health monitoring,3
disaster risk management,landslide,3
computational modeling,transformer,3
machine learning,storm surge,3
machine learning,tropical cyclone,3
flood,time series analysi,3
computational modeling,terrain factor,3
disaster response,disaster risk management,3
climate change,predictive model,3
frequency ratio,random forest,3
disaster,natural hazard,3
flood,vulnerability assessment,3
disaster management,google earth engine,3
disaster management,flood susceptibility,3
predictive analytic,resilience,3
disaster response,wildfire prediction,3
satellite image,wildfire,3
disaster,wildfire,3
machine learning ml,remote sensing,3
disaster monitoring,remote sensing,3
disaster management,wireless sensor network,3
accuracy,flood prediction,3
accuracy,support vector machine,3
early warning system,resilience,3
data fusion,disaster management,3
earthquake,resilience,3
flood,image classification,3
disaster assessment,semantic segmentation,3
large language model,social media,3
convolutional neural networks cnn,transfer learning,3
accuracy,artificial intelligence,3
damage assessment,segmentation,3
remote sensing,sensor,3
image processing,segmentation,3
data model,real-time system,3
prediction model,random forest,3
attention mechanism,landslide,3
deep learning,disaster risk management,3
flood detection,image segmentation,3
monitoring,time series analysi,3
flood mapping,synthetic aperture radar sar,3
deep learning,disaster relief,3
deep learning,gis,3
data model,machine learning,3
building,convolutional neural network cnn,3
deep learning,earth observation,3
building,transformer,3
change detection,transformer,3
semantic,training,3
earthquake,tsunami,3
building damage assessment,generative adversarial network,3
disaster preparedness,predictive modeling,3
artificial intelligence,crowdsourcing,3
gis,hazard,3
earthquake,hazard,3
natural disaster,object detection,3
decision tree,support vector machine,3
image classification,support vector machine,3
decision tree,logistic regression,3
terrain factor,training,3
ensemble learning,landslide,3
natural disaster,resource allocation,3
computer vision,image processing,3
disaster,semantic,3
convolutional neural network,uav,3
flood detection,image processing,3
convolutional neural network cnn,training,3
landslide susceptibility,support vector machine,3
genetic algorithm,random forest,3
computer vision,uav,3
data analytic,machine learning,3
big data,data analytic,3
deep learning,earthquake prediction,3
clustering,machine learning,3
cyclone,machine learning,3
deep learning,disaster preparedness,3
computer vision,data mining,3
semantic segmentation,uav,3
flood prediction,internet of thing,3
fire detection,forest fire,3
hurricane,urban area,3
neural network,prediction,3
flood detection,u-net,3
critical infrastructure,remote sensing,3
disaster,iot,3
semantic segmentation,synthetic aperture radar,3
digital twin,machine learning,3
building damage assessment,machine learning,3
cnn,social media,3
cnn,disaster response,3
convolutional neural network,convolutional neural networks cnn,3
support vector machine,xgboost,3
social media,spatiotemporal analysi,3
natural disaster,satellite imagery,3
machine learning,spatial analysi,3
machine learning,susceptibility,3
disaster management,geoai,3
data mining,social media,3
human detection,yolo,3
earthquake prediction,random forest,3
computer vision,neural network,3
disaster management,humanitarian logistic,3
disaster management,resource allocation,3
internet of thing,remote sensing,3
data fusion,natural disaster,3
disaster response,flood mapping,3
flood detection,synthetic aperture radar,3
decision tree,flood prediction,3
cnn,satellite imagery,3
attention mechanism,yolov5,3
feature extraction,real-time system,3
disaster response,image segmentation,3
convolutional neural network,flood mapping,3
deep learning,optimization,3
machine learning,object detection,3
machine learning,real-time system,3
feature extraction,remote sensing image,3
disaster management,resilience,3
convolutional neural networks cnn,remote sensing,3
artificial intelligence,optimization,3
google earth engine,sentinel-1,3
artificial intelligence,early warning,3
geological disaster,machine learning,3
gis,logistic regression,3
gis,support vector machine,3
convolutional neural networks cnn,early warning system,3
data fusion,flood mapping,3
image processing,satellite imagery,3
disaster management,disaster preparedness,3
artificial intelligence,risk assessment,3
logistic regression,remote sensing,3
machine learning,natural disaster management,3
lidar,remote sensing,3
damage detection,earthquake,3
flood mapping,optical sensor,3
flood,training,3
flood,optical sensor,3
convolutional neural networks cnn,flood detection,3
convolutional neural network,data model,3
forest fire,neural network,3
convolutional neural network cnn,optical sensor,3
artificial intelligence ai,environmental monitoring,3
damage assessment,satellite,3
human detection,yolov5,3
building damage,transfer learning,3
logistic regression,svm,3
optical sensor,transformer,3
social media,transfer learning,3
remote sensing image,transformer,3
artificial intelligence,sustainability,3
natural disaster,support vector machine,3
artificial intelligence ai,prediction,3
earthquake,internet of thing,3
terrain factor,transformer,3
emergency response,internet of thing,3
convolutional neural network,forest fire,3
disaster response,human detection,3
change detection,sentinel-1,3
climate change,urbanization,3
artificial intelligence,edge computing,3
lstm,transformer,3
machine learning,rainfall prediction,3
convolutional neural network,damage detection,3
earthquake,image classification,3
climate change,wildfire,3
disaster management,flooding,3
hurricane,twitter,3
building damage detection,satellite imagery,3
iot,sensor,3
crisis informatic,machine learning,3
decision making,machine learning,3
convolutional neural network,sentinel-2,3
big data,twitter,3
damage assessment,social media,3
early warning system,emergency response,3
disaster risk reduction,geographic information system,3
artificial neural network,support vector machine,3
convolution neural network,flood detection,3
disaster risk,support vector machine,3
landslide detection,random forest,3
machine learning,sentinel-1,3
bert,natural language processing,3
multimodal data fusion,remote sensing,3
deep learning,text classification,3
artificial intelligence,sustainable development,3
artificial intelligence,forecasting,3
flood detection,sentinel-1,3
disaster risk reduction,flood,3
flood,social media,3
flood,forecasting,3
data model,flood mapping,3
drought,forecasting,3
disaster resilience,emergency response,3
deep learning,monitoring,3
feature extraction,landslide detection,3
damage assessment,early warning system,3
early warning system,earthquake prediction,3
community resilience,machine learning,3
classification,feature selection,3
earthquake,urban area,3
disaster management,forecasting,3
computer vision,semantic segmentation,3
forest fire,gis,3
earth observation,flood,3
landslide susceptibility,rainfall-induced landslide,3
flood,rainfall,3
satellite,uav,3
landslide,yolo,3
landslide,satellite,3
landslide,xgboost,3
change detection,machine learning,3
anomaly detection,emergency response,3
machine learning,random forest algorithm,3
change detection,earthquake,3
image classification,image segmentation,3
image classification,semantic segmentation,3
image segmentation,machine learning,3
disaster,emergency,3
classification,detection,3
image segmentation,satellite,3
damage assessment,uav,3
disaster management,feature selection,3
flood prediction,optimization,3
image segmentation,semantic segmentation,3
flood,hurricane,3
cloud computing,internet of thing,3
flooding,resilience,3
early warning system,random forest,3
disaster risk management,disaster risk reduction,3
artificial intelligence,disaster risk reduction,3
building,computer vision,3
big data,cloud computing,3
crisis management,deep learning,3
risk assessment,storm surge,3
china,random forest,3
building damage assessment,unet,3
artificial intelligence,image classification,3
semantic segmentation,unet,3
damage classification,deep learning,3
landslide,susceptibility assessment,3
support vector machine,svm,3
artificial intelligence,geospatial analysi,3
building,task analysi,3
classification,svm,3
landslide,logistic regression,3
landslide,remote sensing image,3
disaster response,natural hazard,3
classification,disaster response,3
cnn,flood,3
computer vision,image classification,3
disaster management,image recognition,3
computer vision,unmanned aerial vehicle uav,3
earthquake,emergency response,3
change detection,flood detection,3
image segmentation,satellite image,3
disaster management,unmanned aerial vehicle uav,3
artificial intelligence,blockchain,3
artificial intelligence,risk,3
forest fire,remote sensing,3
flood detection,sar,3
disaster management,emergency management,3
machine learning,spatiotemporal analysi,3
semantic segmentation,task analysi,3
prediction,random forest,3
transfer learning,uav,3
flood,transformer,3
flood risk,machine learning,3
hurricane,support vector machine,3
classification,random forest,3
big data,natural hazard,3
feature extraction,satellite,3
climate resilience,disaster management,3
feature extraction,image segmentation,3
decision support system,emergency management,3
convolution neural network,disaster management,3
artificial intelligence ai,satellite imagery,3
deep learning,vision transformer,3
deep learning,sustainability,3
big data,deep learning,3
classification,prediction,3
artificial intelligence,landslide,3
artificial intelligence,fuzzy logic,3
artificial intelligence,climate resilience,3
satellite,semantic segmentation,3
cnn,transformer,3
artificial intelligence,large language model,3
blockchain,disaster management,3
semantic,task analysi,3
classification,hurricane,3
earthquake prediction,neural network,2
convolutional neural network,landslide,2
climate change,hurricane,2
feature extraction,rainfall prediction,2
semantic segmentation,transfer learning,2
artificial neural network,time series analysi,2
disaster management,long short-term memory,2
early warning,earthquake,2
early warning system,environmental monitoring,2
convolutional neural network,ensemble learning,2
blockchain,machine learning,2
emergency response,tsunami,2
convolutional neural network,unet,2
long short-term memory lstm,rainfall prediction,2
convolutional neural networks cnn,random forest,2
human detection,machine learning,2
deep reinforcement learning,natural disaster,2
deeplabv3,unet,2
deep learning,rainfall prediction,2
decision tree,earthquake prediction,2
landslide,transformer,2
accuracy,rainfall prediction,2
rainfall,xgboost,2
data analytic,predictive modeling,2
computer vision,fire detection,2
convolutional neural networks cnn,disaster response,2
community resilience,remote sensing,2
machine learning,segmentation,2
disaster prediction,resource allocation,2
decision support system,predictive analytic,2
damage detection,deep neural network,2
disaster risk reduction,early warning system,2
convolutional neural network,wildfire,2
disaster response,internet of things iot,2
anomaly detection,disaster response,2
data mining,landslide,2
deep learning,sustainable development,2
neural network,prediction model,2
storm surge,vulnerability,2
hurricane,risk assessment,2
early warning system,natural disaster management,2
large language model,machine learning,2
digital twin,smart city,2
convolutional neural network cnn,transfer learning,2
flood prediction,satellite imagery,2
flood prediction,real-time monitoring,2
coseismic landslide,feature extraction,2
internet of things iot,natural disaster management,2
early warning system,tsunami,2
disaster management,wildfire prediction,2
computational modeling,flood,2
early warning system,risk assessment,2
risk assessment,risk management,2
rainfall-induced landslide,susceptibility assessment,2
emergency management,flood risk assessment,2
flood forecasting,urban flooding,2
flood,gis,2
artificial intelligence,flood forecasting,2
machine learning,synthetic aperture radar sar,2
climate change,urban planning,2
deeplabv3,segmentation,2
satellite imagery,segmentation,2
emergency response,flooding,2
fire detection,object detection,2
early warning system,flood prediction,2
geographic information system,vulnerability,2
generative adversarial network,vision transformer,2
emergency response,lstm,2
lstm,xgboost,2
remote sensing,synthetic aperture radar sar,2
anomaly detection,disaster relief,2
deep neural network,fire detection,2
deep learning,semi-supervised learning,2
landslide prediction,remote sensing,2
disaster risk management,flood,2
disaster,gis,2
sar,uav,2
disaster,flood mapping,2
random forest,spatial analysi,2
edge computing,real-time system,2
edge computing,remote sensing,2
autoencoder,transfer learning,2
environmental monitoring,flood,2
object detection,yolov8,2
artificial intelligence,support vector machine,2
natural hazard,random forest,2
image processing,object detection,2
flood mapping,flood monitoring,2
data analytic,emergency management,2
geospatial analysi,google earth engine,2
classification,emergency management,2
disaster monitoring,edge computing,2
big data,emergency response,2
flood disaster,social media,2
classification,data analytic,2
disaster response,optimization,2
building damage detection,cnn,2
attention mechanism,hazard,2
artificial intelligence,earthquake prediction,2
change detection,flood,2
flood,satellite imagery,2
damage assessment,predictive analytic,2
computer vision,explainable ai,2
cloud computing,drone,2
autoencoder,recurrent neural network,2
autoencoder,convolutional neural networks cnn,2
machine learning,predictive model,2
emergency response,predictive analytic,2
predictive model,xgboost,2
emergency response,predictive modeling,2
natural language processing,remote sensing,2
artificial intelligence,rainfall prediction,2
ann,machine learning,2
artificial intelligence,lstm,2
data model,digital twin,2
disaster assessment,natural disaster,2
emergency response,uav,2
deep learning,digital twin,2
disaster response,uav,2
image classification,satellite imagery,2
artificial intelligence ai,data analysi,2
climate change,semantic segmentation,2
feature extraction,xgboost,2
satellite image,semantic segmentation,2
training,transformer,2
risk assessment,sustainability,2
disaster response,large language model,2
change detection,satellite imagery,2
machine learning ml,natural disaster,2
flood mapping,u-net,2
disaster management,earthquake prediction,2
flood,iot,2
change detection,landslide detection,2
accuracy,xgboost,2
anomaly detection,satellite imagery,2
disaster monitoring,machine learning,2
natural disaster,predictive analytic,2
flood risk,time series analysi,2
disaster prediction,xgboost,2
earthquake,xgboost,2
computer vision,yolov8,2
climate change,time series analysi,2
convolutional neural networks cnn,internet of things iot,2
flood mapping,sentinel-1,2
flood detection,yolov5,2
disaster management,unet,2
disaster risk reduction,sustainable development,2
disaster risk reduction,resilience,2
early warning,forecasting,2
data analysi,social media,2
critical infrastructure,natural disaster,2
disaster management,earth observation,2
disaster management,sentinel-2,2
cnn,vision transformer,2
big data,recurrent neural network,2
gis,xgboost,2
text classification,topic modeling,2
disaster management,topic modeling,2
disaster,natural language processing,2
structural health monitoring,transfer learning,2
emergency response,hazard,2
emergency response,large language model,2
building damage assessment,cnn,2
building damage assessment,computer vision,2
building damage assessment,structural health monitoring,2
building damage assessment,transfer learning,2
artificial neural network,flood risk,2
artificial intelligence,flood risk,2
flash flood,random forest,2
landslide,prediction,2
cnn,computer vision,2
cnn,structural health monitoring,2
flood mapping,sentinel-2,2
satellite imagery,u-net,2
disaster resilience,remote sensing,2
disaster resilience,random forest,2
deep reinforcement learning,disaster management,2
artificial neural network,disaster mitigation,2
lidar,uav,2
iot,natural disaster,2
machine learning ml,xgboost,2
cloud computing,natural disaster,2
convolutional neural networks cnn,emergency response,2
big data,iot,2
deep learning,rainfall,2
sustainable development,vulnerability assessment,2
natural language processing,support vector machine,2
deep learning,random forest,2
predictive analytic,risk assessment,2
convolutional neural network,explainable ai,2
disaster response,explainable ai,2
explainable ai,satellite imagery,2
image segmentation,satellite imagery,2
climate change,flood prediction,2
climate change,forecasting,2
ensemble learning,flood prediction,2
flood prediction,risk management,2
cnn,twitter,2
forecasting,predictive model,2
convolutional neural network,disaster resilience,2
artificial neural network,fuzzy logic,2
flash flood,genetic algorithm,2
deep learning,google earth engine,2
crisis management,disaster response,2
earthquake,simulation,2
decision support system,emergency response,2
landslide,vulnerability assessment,2
landslide,satellite image,2
decision support system,uav,2
emergency,remote sensing,2
emergency,machine learning,2
climate change,topic modeling,2
drone,uav,2
disaster,uav,2
computer vision,earth observation,2
sentinel-1,transformer,2
synthetic aperture radar,transformer,2
forest fire,wildfire,2
disaster,hazard,2
forest fire,satellite image,2
artificial intelligence,community resilience,2
disaster response,image processing,2
image processing,unmanned aerial vehicle,2
detection,image processing,2
detection,flood monitoring,2
disaster mitigation,image classification,2
drone,hurricane,2
emergency response,hurricane,2
detection,disaster management,2
random forest,synthetic aperture radar sar,2
flood risk,gis,2
disaster management,flash flood,2
feature extraction,tropical cyclone,2
change detection,semantic segmentation,2
landslide,spatial analysi,2
natural hazard,predictive modeling,2
artificial intelligence,human detection,2
human detection,image processing,2
natural disaster,yolo,2
urban flood,urban resilience,2
bert,text classification,2
feature selection,support vector machine,2
disaster risk reduction,forest fire,2
deep learning,landslide susceptibility mapping,2
sentinel-2,u-net,2
sar,u-net,2
accuracy,prediction,2
deep learning,spatial analysi,2
convolutional neural network,fire detection,2
emergency response,environmental monitoring,2
emergency response,flood detection,2
environmental monitoring,flood detection,2
flash flood,susceptibility,2
environmental monitoring,flood monitoring,2
ensemble learning,susceptibility,2
ensemble learning,flash flood,2
big data,smart city,2
environmental monitoring,satellite imagery,2
environmental monitoring,transfer learning,2
flood detection,flood monitoring,2
data fusion,flood detection,2
neural network,wildfire,2
artificial intelligence ai,edge computing,2
disaster risk reduction,risk assessment,2
damage assessment,decision support system,2
cloud computing,early warning system,2
cloud computing,predictive analytic,2
flood monitoring,machine learning,2
digital elevation model,flood susceptibility,2
disaster resilience,risk assessment,2
early warning system,wildfire detection,2
artificial intelligence ai,disaster risk reduction,2
crowdsourcing,disaster management,2
iot,predictive analytic,2
predictive analytic,wildfire detection,2
community resilience,disaster management,2
artificial intelligence,generative adversarial network,2
flood prediction,machine learning ml,2
emergency management,semantic segmentation,2
emergency,hazard,2
artificial intelligence,disaster mitigation,2
bert,lstm,2
natural language processing,smart city,2
dataset,machine learning,2
critical infrastructure,deep reinforcement learning,2
critical infrastructure,geographic information system,2
dataset,disaster management,2
bert,classification,2
critical infrastructure,urban flood,2
deep reinforcement learning,disaster,2
damage assessment,predictive modeling,2
damage assessment,real-time monitoring,2
decision support system,real-time monitoring,2
predictive modeling,real-time monitoring,2
flood detection,human detection,2
disaster management,yolov5,2
artificial intelligence ai,unmanned aerial vehicles uav,2
edge computing,internet of things iot,2
edge computing,unmanned aerial vehicles uav,2
internet of things iot,unmanned aerial vehicles uav,2
cnn,disaster,2
flood prediction,svm,2
cnn,yolo,2
artificial intelligence,decision making,2
landslide susceptibility,xgboost,2
data mining,landslide susceptibility,2
early warning system,edge computing,2
disaster prediction,federated learning,2
artificial intelligence,disaster relief,2
disaster prediction,early warning system,2
gis,susceptibility,2
data analytic,iot,2
earthquake,natural language processing,2
forest fire,prediction,2
lstm,real-time monitoring,2
disaster response,geographic information system,2
disaster response,lstm,2
cnn,real-time monitoring,2
predictive modeling,remote sensing,2
flood prediction,remote sensing,2
artificial intelligence ai,remote sensing,2
crisis management,natural disaster,2
flood,svm,2
artificial intelligence,disaster assessment,2
disaster,flooding,2
disaster management,vision transformer,2
flood risk,neural network,2
geographic information system,natural disaster,2
change detection,image processing,2
disaster risk reduction,remote sensing,2
convolutional neural network,flood disaster,2
disaster mitigation,risk assessment,2
disaster management,long short-term memory lstm,2
emergency management,risk assessment,2
image segmentation,transformer,2
ensemble learning,random forest,2
artificial intelligence ai,flood prediction,2
decision tree,landslide,2
data augmentation,disaster response,2
image processing,image segmentation,2
object detection,uav,2
computer vision,flood detection,2
edge computing,flood detection,2
flood detection,predictive modeling,2
disaster,fire detection,2
critical infrastructure,machine learning,2
predictive modeling,resilience,2
image processing,neural network,2
crisis management,situational awareness,2
disaster preparedness,earthquake,2
flood detection,uav,2
synthetic aperture radar,time series analysi,2
sentinel-1,time series analysi,2
disaster,urban flood,2
convolutional neural network,google earth engine,2
decision support system,disaster relief,2
emergency response,situational awareness,2
natural disaster,text classification,2
geographic information system,urban flood,2
cnn,text classification,2
social media,typhoon,2
hurricane,image classification,2
geological disaster,risk assessment,2
drone,random forest,2
disaster,earth observation,2
digital twin,natural disaster,2
disaster,monitoring,2
digital twin,emergency response,2
disaster,synthetic aperture radar sar,2
machine learning,sensor,2
flood,monitoring,2
flood monitoring,sentinel-1,2
monitoring,sentinel-1,2
computer vision,dataset,2
building damage assessment,random forest,2
ann,rainfall,2
monitoring,synthetic aperture radar,2
convolutional neural network,landslide susceptibility,2
building damage assessment,change detection,2
digital twin,flood prediction,2
disaster,tsunami,2
anomaly detection,segmentation,2
synthetic aperture radar,unet,2
synthetic aperture radar,transfer learning,2
flood detection,unet,2
semantic,synthetic aperture radar,2
image processing,synthetic aperture radar,2
flood,semantic,2
disaster,task analysi,2
computer vision,flood,2
building,disaster management,2
convolutional neural network,object detection,2
recurrent neural network,twitter,2
hurricane,resilience,2
disaster management,synthetic aperture radar,2
disaster resilience,social media,2
risk assessment,support vector machine,2
transfer learning,unet,2
attention mechanism,building,2
attention mechanism,object detection,2
convolutional neural network,real-time system,2
disaster management,sustainability,2
earthquake,sentiment analysi,2
disaster response,unmanned aerial vehicles uav,2
optimization,remote sensing,2
internet of thing,optimization,2
real-time system,resilience,2
convolutional neural network,data mining,2
building,object detection,2
computer vision,natural language processing,2
decision making,real-time system,2
flash flood,landslide,2
real-time system,remote sensing,2
object detection,yolov5,2
object detection,real-time system,2
natural hazard,resilience,2
generative adversarial network,training,2
landslide detection,semantic segmentation,2
feature extraction,generative adversarial network,2
data augmentation,transfer learning,2
data augmentation,training,2
data augmentation,deep learning dl,2
accuracy,transfer learning,2
accuracy,deep learning dl,2
accuracy,data augmentation,2
building damage,convolutional neural network,2
optimization,sustainability,2
climate change,data analytic,2
machine learning,machine learning algorithm,2
decision making,machine learning algorithm,2
dataset,natural disaster,2
dataset,image classification,2
crisis informatic,deep learning,2
landslide,shap,2
explainable ai,transfer learning,2
multimodal data fusion,vision transformer,2
disaster management,sar,2
earthquake,support vector machine,2
building damage assessment,feature extraction,2
building,hurricane,2
building,generative adversarial network,2
building,building damage assessment,2
flood disaster,machine learning,2
support vector machine,terrain factor,2
deep learning,resilience,2
topic modeling,twitter,2
critical infrastructure,resilience,2
critical infrastructure,deep learning,2
optical sensor,urban area,2
flood mapping,urban area,2
flood risk,resilience,2
flood hazard,resilience,2
anomaly detection,autoencoder,2
anomaly detection,data fusion,2
anomaly detection,training,2
autoencoder,drone,2
change detection,object detection,2
random forest,typhoon,2
natural disaster,unet,2
building damage assessment,natural disaster,2
satellite,sensor,2
cyclone,image classification,2
disaster management,edge computing,2
uav,yolov8,2
disaster risk reduction,natural disaster,2
disaster,svm,2
damage detection,disaster management,2
remote sensing,svm,2
disaster response,drone,2
flood,urban flood,2
big data,hurricane,2
earthquake,text classification,2
building damage detection,convolutional neural network,2
disaster management,machine learning algorithm,2
artificial intelligence ai,deep learning,2
artificial intelligence,sentinel-2,2
flood detection,image classification,2
optical sensor,satellite,2
convolutional neural network,satellite,2
convolutional neural network,optical sensor,2
deep learning,flood risk assessment,2
image segmentation,natural disaster,2
flood,situational awareness,2
detection,machine learning,2
classification,cnn,2
predictive modeling,vulnerability assessment,2
disaster management,vulnerability assessment,2
attention mechanism,landslide detection,2
situational awareness,text classification,2
big data,flood,2
classification,social media,2
object detection,social media,2
natural hazard,social media,2
decision tree,predictive model,2
earth observation,emergency response,2
domain adaptation,landslide detection,2
geographic information system,landslide,2
deep learning,landslide prediction,2
geoai,large language model,2
disaster risk,landslide,2
disaster management,prediction,2
risk assessment,spatial analysi,2
natural hazard,risk management,2
climate change,risk management,2
climate change,geographic information system,2
drone,training,2
data model,drone,2
predictive model,support vector machine,2
fire detection,machine learning,2
convolutional neural network cnn,object detection,2
damage classification,damage detection,2
satellite,yolo,2
big data,disaster response,2
social media,wildfire,2
sentiment analysi,wildfire,2
crisis informatic,natural language processing,2
hurricane,transfer learning,2
artificial intelligence,hurricane,2
disaster management,post-disaster,2
disaster management,landslide susceptibility,2
artificial neural network,landslide,2
convolutional neural network,hybrid model,2
object detection,wildfire detection,2
environmental monitoring,wildfire detection,2
drone,object detection,2
disaster risk reduction,natural hazard,2
image processing,natural disaster,2
autoencoder,machine learning,2
convolutional neural network,unmanned aerial vehicles uav,2
earthquake,risk,2
earthquake,gis,2
remote sensing,tsunami,2
deep learning,tsunami,2
machine learning,real-time,2
disaster response,synthetic aperture radar,2
data mining,gis,2
artificial intelligence,data fusion,2
deep learning,recurrent neural network,2
emergency response,semantic segmentation,2
flood mapping,image segmentation,2
monitoring,remote sensing,2
image processing,task analysi,2
drone,unmanned aerial vehicles uav,2
convolutional neural networks cnn,feature extraction,2
earthquake,vulnerability,2
gis,vulnerability,2
crowdsourcing,machine learning,2
building damage,disaster,2
remote sensing image,u-net,2
disaster,u-net,2
disaster,remote sensing image,2
change detection,disaster,2
building damage,u-net,2
building damage,remote sensing image,2
building damage,change detection,2
artificial intelligence ai,unmanned aerial vehicle uav,2
attention mechanism,disaster,2
attention mechanism,building damage,2
data mining,uav,2
convolutional neural network,sar,2
convolutional neural network,flood monitoring,2
computer vision,deep learning dl,2
convolutional neural networks cnn,drone,2
convolutional neural network,task analysi,2
early warning system,image processing,2
convolutional neural network,monitoring,2
landslide,uav,2
iot,uav,2
earthquake,uav,2
earthquake,satellite imagery,2
earthquake,monitoring,2
earthquake,forest fire,2
detection,uav,2
detection,satellite imagery,2
detection,landslide,2
detection,iot,2
detection,earthquake,2
convolutional neural network cnn,unmanned aerial vehicle uav,2
predictive analytic,remote sensing,2
big data,remote sensing,2
building damage assessment,disaster response,2
artificial intelligence,image segmentation,2
artificial intelligence,task analysi,2
building,image classification,2
machine learning,unmanned aerial vehicle uav,2
convolutional neural network,drone,2
remote sensing,unmanned aerial vehicle,2
disaster management,spatiotemporal analysi,2
neural network,random forest,2
semantic segmentation,unmanned aerial vehicle uav,2
satellite,semantic,2
machine learning,task analysi,2
building,image segmentation,2
machine learning,semantic,2
image classification,satellite,2
computer vision,task analysi,2
computer vision,semantic,2
computer vision,image segmentation,2
building,semantic segmentation,2
gis,landslide susceptibility assessment,2
earthquake,landslide susceptibility,2
drought,remote sensing,2
flood monitoring,sentinel-2,2
deep learning,target detection,2
convolutional neural network,landslide susceptibility mapping,2
deep learning,sentiment analysi,2
geographic information system,landslide susceptibility,2
frequency ratio,geographic information system,2
artificial neural network,deep learning,2
convolutional neural network cnn,semantic segmentation,2
geographic information system,logistic regression,2
disaster response,transfer learning,2
remote sensing,support vector machine svm,2
big data,internet of thing,2
neural network,semantic segmentation,2
forest fire,semantic segmentation,2
flood,neural network,2
earthquake,semantic segmentation,2
remote sensing image,target detection,2
machine learning,tsunami,2
disaster response,sentiment analysi,2
crisis informatic,sentiment analysi,2
deep learning,post-disaster,2
anomaly detection,generative adversarial network,2
data model,optical sensor,2
building damage,disaster response,2
ensemble model,machine learning,2
domain adaptation,hurricane,2
crisis informatic,disaster management,2
building damage,natural disaster,2
disaster response,text classification,2
landslide susceptibility assessment,remote sensing,2
landslide detection,multimodal data fusion,2
landslide detection,machine learning,2
artificial intelligence,landslide detection,2
disaster response,semantic segmentation,2
convolutional neural network,neural network,2
classification,earthquake,2
remote sensing image,terrain factor,2
remote sensing,vulnerability assessment,2
digital elevation model,machine learning,2
computer vision,digital twin,2
big data,flood disaster,2
landslide,wildfire,2
convolutional neural network,drought,2
cnn,convolutional neural network,2
deep learning,vulnerability assessment,2
convolutional neural network cnn,flood mapping,2
edge computing,wildfire,2
situational awareness,twitter,2
deep learning,situational awareness,2
convolutional neural network,hurricane,2
image processing,text classification,2
image processing,social media,2
convolutional neural network cnn,flood,2
deep learning,optical sensor,2
remote sensing,remote sensing image,2
flood mapping,transfer learning,2
optical sensor,terrain factor,2
optical sensor,remote sensing image,2
landslide detection,remote sensing image,2
landslide detection,optical sensor,2
satellite,transfer learning,2
cnn,satellite,2
deep learning,typhoon,2
flood,lidar,2
flash flood,risk,2
internet of thing,risk management,2
convolutional neural network,internet of thing,2
landslide susceptibility assessment,support vector machine,2
landslide susceptibility assessment,random forest,2
landslide susceptibility assessment,logistic regression,2
smart city,urban resilience,2
artificial intelligence,transformer,2
disaster,emergency response,2
flood forecasting,lstm,2
humanitarian logistic,machine learning,2
disaster response,object detection,2
computer vision,wildfire,2
computer vision,data fusion,2
machine learning algorithm,random forest,2
image classification,unmanned aerial vehicles uav,2
cnn,disaster prediction,2
flood susceptibility,remote sensing,2
digital twin,urban area,2
artificial intelligence,urban area,2
artificial intelligence,real-time system,2
deeplabv3,remote sensing image,2
data analysi,natural disaster,2
semantic segmentation,target detection,2
climate change,spatial analysi,2
hybrid model,lstm,2
detection,segmentation,2
blockchain,disaster response,2
deep learning dl,unmanned aerial vehicles uav,2
climate resilience,early warning system,2
predictive model,wildfire,2
data model,wildfire,2
computational modeling,wildfire,2
sentiment analysi,text classification,2
unmanned aerial vehicles uav,wildfire detection,2
computer vision,wildfire detection,2
blockchain,drone,2
early warning system,internet of thing,2
early warning system,earthquake,2
drone,earthquake,2
disaster response,internet of thing,2
disaster,early warning system,2
blockchain,resilience,2
frequency ratio,gis,2
disaster management,generative adversarial network,2
data model,synthetic aperture radar,2
internet of thing,wireless sensor network,2
change detection,damage assessment,2
drone,satellite,2
artificial intelligence,training,2
classification,disaster relief,2
task analysi,training,2
satellite,training,2
object detection,training,2
convolutional neural network cnn,disaster,2
neural network,post-disaster,2
semantic segmentation,urban area,2
optical sensor,semantic segmentation,2
artificial neural network,iot,2
flood mapping,semi-supervised learning,2
flood,semi-supervised learning,2
feature extraction,synthetic aperture radar,2
damage assessment,transformer,2
machine learning,rainfall-induced landslide,2
flood,google earth engine,2
data model,flood prediction,2
internet of thing,natural disaster,2
real-time system,support vector machine,2
predictive model,real-time system,2
flood prediction,geospatial analysi,2
disaster,support vector machine,2
disaster,flood prediction,2
data model,disaster management,2
google earth engine,sentinel-2,2
convolutional neural network,geospatial analysi,2
convolutional neural network,flood prediction,2
landslide,synthetic aperture radar,2
damage detection,feature extraction,2
deep learning,uncertainty,2
accuracy,uncertainty,2
building damage assessment,convolutional neural network,2
building damage assessment,satellite image,2
building damage assessment,u-net,2
convolutional neural network,u-net,2
convolution neural network,remote sensing,2
attention mechanism,fire detection,2
climate change,uncertainty,2
climate change,decision support system,2
accuracy,climate change,2
flood susceptibility,lstm,2
convolutional neural network,wildfire prediction,2
flood,risk assessment,2
generative adversarial network,machine learning,2
segmentation,wildfire,2
remote sensing,segmentation,2
building damage assessment,image segmentation,2
disaster management,hazard,2
random forest,sentinel-1,2
disaster,sar,2
disaster response,neural network,2
cnn,flood risk assessment,2
cnn,landslide,2
classification,flood prediction,2
ensemble model,machine learning model,2
flood monitoring,internet of thing,2
cnn,sar,2
cnn,flood detection,2
cnn,deep learning model,2
landslide susceptibility mapping,remote sensing,2
damage assessment,earth observation,2
flood mapping,transformer,2
artificial intelligence,computational modeling,2
ensemble learning,flood,2
natural disaster,unmanned aerial vehicle,2
disaster risk,machine learning,2
generative adversarial network,target detection,2
generative adversarial network,remote sensing,2
classification,sar,2
geoai,social media,2
climate change,real-time monitoring,2
uav,unet,2
storm surge,tropical cyclone,2
natural disaster,storm surge,2
early warning,storm surge,2
climate change,tropical cyclone,2
climate change,storm surge,2
artificial intelligence,tropical cyclone,2
segmentation,training,2
disaster response,predictive analytic,2
image segmentation,training,2
image segmentation,segmentation,2
earthquake,image segmentation,2
fuzzy logic,neural network,2
fuzzy logic,machine learning,2
data model,transformer,2
disaster resilience,flood prediction,2
disaster risk management,predictive analytic,2
emergency response,multimodal data fusion,2
deep learning,genetic algorithm,2
deep learning,multimodal data fusion,2
disaster resilience,flood,2
explainable ai,remote sensing,2
disaster,sentiment analysi,2
disaster response,wildfire,2
artificial intelligence ai,disaster response,2
image segmentation,wildfire,2
disaster risk management,resilience,2
image classification,wildfire,2
disaster,image segmentation,2
damage assessment,wildfire,2
damage assessment,satellite image,2
damage assessment,disaster,2
accuracy,image classification,2
feature extraction,flood mapping,2
earthquake,lidar,2
deep learning,spatiotemporal analysi,2
disaster management,disaster monitoring,2
blockchain,flood prediction,2
satellite imagery,semi-supervised learning,2
remote sensing,semi-supervised learning,2
feature extraction,sentinel-1,2
landslide mapping,transformer,2
landslide mapping,remote sensing,2
landslide detection,landslide mapping,2
feature extraction,landslide mapping,2
deep learning,landslide mapping,2
computational modeling,convolutional neural network,2
machine learning,recurrent neural network,2
disaster,yolo,2
climate change,prediction,2
landslide,natural hazard,2
satellite,wildfire,2
blockchain,internet of things iot,2
flood prediction,internet of things iot,2
explainable ai,wildfire,2
disaster management,support vector machine svm,2
climate change,risk,2
change detection,support vector machine,2
natural disaster,u-net,2
landslide,u-net,2
text classification,transfer learning,2
big data,natural language processing,2
flood detection,real-time monitoring,2
convolutional neural networks cnn,flood,2
natural disaster,prediction model,2
data mining,natural disaster,2
artificial intelligence,data mining,2
convolution neural network,unmanned aerial vehicle,2
social media,topic modeling,2
natural language processing,topic modeling,2
disaster management,machine learning ml,2
change detection,satellite image,2
disaster management,lidar,2
change detection,disaster monitoring,2
natural language processing,situational awareness,2
real-time system,sensor,2
deep learning,deep neural network,2
predictive model,uncertainty,2
disaster management,uncertainty,2
computational modeling,predictive model,2
computational modeling,disaster management,2
flood disaster,remote sensing,2
earthquake,machine learning algorithm,2
random forest,svm,2
remote sensing,vulnerability,2
natural disaster,prediction,2
hurricane,random forest,2
hurricane,natural disaster,2
classification,natural disaster,2
machine learning,post-disaster,2
dataset,remote sensing,2
deep learning,flash flood,2
classification,image processing,2
artificial intelligence,satellite image,2
disaster management,monitoring,2
earthquake prediction,ensemble learning,2
flooding,social media,2
flood,flooding,2
flood risk,urbanization,2
emergency response,image classification,2
accuracy,object detection,2
disaster management,disaster risk reduction,2
damage detection,natural disaster,2
earthquake,sar,2
damage assessment,neural network,2
feature extraction,vision transformer,2
convolutional neural networks cnn,object detection,2
resilience,risk,2
convolutional neural networks cnn,long short-term memory lstm,2
climate change,flooding,2
climate change,neural network,2
explainable ai,federated learning,2
data analysi,flood prediction,2
climate resilience,environmental monitoring,2
emergency response,smart city,2
flood mapping,svm,2
landslide detection,social media,2
image classification,landslide detection,2
earthquake,emergency management,2
emergency response,natural language processing,2
random forest,sustainable development,2
deep learning,structural health monitoring,2
ann,hazard,2
ann,gis,2
artificial neural network,flood forecasting,2
data mining,remote sensing,2
hazard,urban area,2
classification,internet of things iot,2
earthquake,large language model,2
building,predictive model,2
disaster management,feature extraction,2
disaster,neural network,2
classification,disaster,2
deep learning,edge computing,2
semantic segmentation,training,2
remote sensing image,semantic segmentation,2
early warning,emergency response,2
geoai,remote sensing,2
internet of thing,natural language processing,2
artificial intelligence,risk management,2
hurricane,uncertainty,2
disaster,uncertainty,2
disaster,time series analysi,2
deep learning,flood management,2
convolutional neural network,convolutional neural network cnn,2
change detection,feature extraction,2
change detection,convolutional neural network cnn,2
artificial intelligence,urban flooding,2
climate change,satellite image,2
climate change,environmental monitoring,2
deep reinforcement learning,emergency response,2
artificial intelligence,deep reinforcement learning,2
disaster relief,natural disaster,2
disaster relief,emergency management,2
hybrid model,landslide susceptibility,2
feature extraction,urban area,2
convolutional neural network cnn,hybrid model,2
image segmentation,u-net,2
deep neural network,remote sensing,2
deep neural network,image segmentation,2
flooding,uav,2
climate change,satellite,2
environmental monitoring,feature extraction,2
predictive model,satellite image,2
change detection,convolutional neural network,2
lidar,machine learning,2
fuzzy logic,synthetic aperture radar sar,2
climate change,disaster risk reduction,2
machine learning ml,random forest,2
damage assessment,machine learning ml,2
damage assessment,image processing,2
flood,sentiment analysi,2
geoai,transformer,2
predictive model,urban area,2
emergency response,resilience,2
accuracy,building damage detection,2
attention mechanism,training,2
attention mechanism,emergency response,2
convolutional neural networks cnn,neural network,2
deep learning,ensemble model,2
decision support system,flood,2
