ref_a,ref_b,weight
he|deepresidlearnfor|2016,ronneberger|netconvonetwofor|2015,64
long|fullyconvonetwofor|2015,ronneberger|netconvonetwofor|2015,49
chen|encoddecodwithatrou|2018,ronneberger|netconvonetwofor|2015,47
he|deepresidlearnfor|2016,simonyan|verydeepconvonetwo|2014,45
breiman|randofores|2001,chen|xgbooscalatreeboost|2016,40
he|deepresidlearnfor|2016,krizhevsky|imageclasswithdeep|2012,37
badrinarayanan|segnedeepconvoencod|2017,ronneberger|netconvonetwofor|2015,36
breiman|randofores|2001,friedman|greedfunctapprogradi|2001,36
ronneberger|netconvonetwofor|2015,zhao|pyramsceneparsinetwo|2017,34
deng|imagelargescalehiera|2009,he|deepresidlearnfor|2016,34
he|deepresidlearnfor|2016,long|fullyconvonetwofor|2015,31
he|deepresidlearnfor|2016,szegedy|goingdeepewithconvo|2015,31
merghadi|machilearnmethofor|2020,reichenbach|reviestatibasedlands|2018,29
krizhevsky|imageclasswithdeep|2012,simonyan|verydeepconvonetwo|2014,29
he|deepresidlearnfor|2016,tan|efficrethimodelscali|2019,28
ghorbanzadeh|evaludiffemachilearn|2019,ji|landsdetecfromopen|2020,26
krizhevsky|imageclasswithdeep|2012,lecun|deeplearn|2015,26
ji|landsdetecfromopen|2020,ronneberger|netconvonetwofor|2015,26
chen|encoddecodwithatrou|2018,he|deepresidlearnfor|2016,26
breiman|randofores|2001,merghadi|machilearnmethofor|2020,26
he|deepresidlearnfor|2016,vaswani|attenallyouneed|2017,25
breiman|baggipredi|1996,breiman|randofores|2001,25
gupta|xbddatasforasses|2019,ronneberger|netconvonetwofor|2015,25
breiman|randofores|2001,reichenbach|reviestatibasedlands|2018,24
ji|landsdetecfromopen|2020,mohan|revieremotsensimetho|2021,23
ghorbanzadeh|evaludiffemachilearn|2019,ronneberger|netconvonetwofor|2015,23
he|deepresidlearnfor|2016,zhao|pyramsceneparsinetwo|2017,22
breiman|randofores|2001,pedregosa|scikilearnmachilearn|2011,22
krizhevsky|imageclasswithdeep|2012,szegedy|goingdeepewithconvo|2015,22
gupta|creatxbddatasfor|2019,he|deepresidlearnfor|2016,21
gupta|creatxbddatasfor|2019,ronneberger|netconvonetwofor|2015,20
kingma|adammethoforstoch|2014,ronneberger|netconvonetwofor|2015,20
he|deepresidlearnfor|2016,kingma|adammethoforstoch|2014,20
chen|xgbooscalatreeboost|2016,friedman|greedfunctapprogradi|2001,19
he|deepresidlearnfor|2016,lecun|deeplearn|2015,19
huang|revielandssuscemappi|2018,merghadi|machilearnmethofor|2020,18
long|fullyconvonetwofor|2015,zhao|pyramsceneparsinetwo|2017,18
huang|revielandssuscemappi|2018,reichenbach|reviestatibasedlands|2018,18
he|deepresidlearnfor|2016,ji|landsdetecfromopen|2020,18
simonyan|verydeepconvonetwo|2014,szegedy|goingdeepewithconvo|2015,18
deng|imagelargescalehiera|2009,ronneberger|netconvonetwofor|2015,17
ghorbanzadeh|evaludiffemachilearn|2019,mohan|revieremotsensimetho|2021,17
he|deepresidlearnfor|2016,liu|swintranshieravisio|2021,17
chen|encoddecodwithatrou|2018,zhao|pyramsceneparsinetwo|2017,17
breiman|randofores|2001,mosavi|floodprediusingmachi|2018,17
gupta|xbddatasforasses|2019,he|deepresidlearnfor|2016,17
ronneberger|netconvonetwofor|2015,vaswani|attenallyouneed|2017,17
ronneberger|netconvonetwofor|2015,woo|cbamconvoblockatten|2018,17
hochreiter|longshorttermmemor|1997,lecun|deeplearn|2015,17
liu|swintranshieravisio|2021,vaswani|attenallyouneed|2017,16
ronneberger|netconvonetwofor|2015,simonyan|verydeepconvonetwo|2014,16
breiman|randofores|2001,cortes|suppovectonetwo|1995,16
chen|encoddecodwithatrou|2018,ji|landsdetecfromopen|2020,16
ghorbanzadeh|evaludiffemachilearn|2019,guzzetti|landsinvenmapsnew|2012,16
linardos|machilearndisasmanag|2022,sun|appliartifintelfor|2020,16
badrinarayanan|segnedeepconvoencod|2017,long|fullyconvonetwofor|2015,15
badrinarayanan|segnedeepconvoencod|2017,he|deepresidlearnfor|2016,15
rahnemoonfar|floodhighresolaeria|2021,ronneberger|netconvonetwofor|2015,15
froude|globafatallandsoccur|2018,reichenbach|reviestatibasedlands|2018,15
long|fullyconvonetwofor|2015,simonyan|verydeepconvonetwo|2014,15
chen|encoddecodwithatrou|2018,long|fullyconvonetwofor|2015,15
breiman|randofores|2001,lundberg|unifiapprointermodel|2017,14
breiman|randofores|2001,froude|globafatallandsoccur|2018,14
he|deepresidlearnfor|2016,krizhevsky|imageclasswithdeep|2017,14
he|deepresidlearnfor|2016,nguyen|damagassesfromsocia|2017,14
guzzetti|landsinvenmapsnew|2012,reichenbach|reviestatibasedlands|2018,14
he|deepresidlearnfor|2016,woo|cbamconvoblockatten|2018,14
liu|swintranshieravisio|2021,ronneberger|netconvonetwofor|2015,14
guzzetti|landsinvenmapsnew|2012,ji|landsdetecfromopen|2020,14
he|deepresidlearnfor|2016,rahnemoonfar|floodhighresolaeria|2021,14
chen|xgbooscalatreeboost|2016,lundberg|unifiapprointermodel|2017,14
deng|imagelargescalehiera|2009,simonyan|verydeepconvonetwo|2014,14
cooner|detecurbandamagusing|2016,ronneberger|netconvonetwofor|2015,13
he|deepresidlearnfor|2016,redmon|youonlylookonce|2016,13
kingma|adammethoforstoch|2014,lecun|deeplearn|2015,13
goodfellow|deeplearn|2016,lecun|deeplearn|2015,13
ghorbanzadeh|evaludiffemachilearn|2019,he|deepresidlearnfor|2016,13
ji|landsdetecfromopen|2020,zhao|pyramsceneparsinetwo|2017,13
(2018)||2018,(2019)||2019,12
badrinarayanan|segnedeepconvoencod|2017,chen|encoddecodwithatrou|2018,12
deng|imagelargescalehiera|2009,tan|efficrethimodelscali|2019,12
(2020)||2020,breiman|randofores|2001,12
deng|imagelargescalehiera|2009,gupta|xbddatasforasses|2019,12
dong|comprrevieearthinduc|2013,ronneberger|netconvonetwofor|2015,12
ji|landsdetecfromopen|2020,woo|cbamconvoblockatten|2018,12
breiman|randofores|2001,ghorbanzadeh|evaludiffemachilearn|2019,12
dong|comprrevieearthinduc|2013,krizhevsky|imageclasswithdeep|2012,12
ronneberger|netconvonetwofor|2015,tan|efficrethimodelscali|2019,12
(2019)||2019,(2020)||2020,11
lecun|deeplearn|2015,ronneberger|netconvonetwofor|2015,11
hochreiter|longshorttermmemor|1997,vaswani|attenallyouneed|2017,11
chen|encoddecodwithatrou|2018,rahnemoonfar|floodhighresolaeria|2021,11
krizhevsky|imageclasswithdeep|2012,ronneberger|netconvonetwofor|2015,11
ronneberger|netconvonetwofor|2015,szegedy|goingdeepewithconvo|2015,11
mohan|revieremotsensimetho|2021,ronneberger|netconvonetwofor|2015,11
badrinarayanan|segnedeepconvoencod|2017,zhao|pyramsceneparsinetwo|2017,11
gupta|creatxbddatasfor|2019,rahnemoonfar|floodhighresolaeria|2021,11
krizhevsky|imageclasswithdeep|2012,long|fullyconvonetwofor|2015,11
cooner|detecurbandamagusing|2016,dong|comprrevieearthinduc|2013,11
dong|comprrevieearthinduc|2013,gupta|xbddatasforasses|2019,11
breiman|randofores|2001,guzzetti|landsinvenmapsnew|2012,11
he|deepresidlearnfor|2016,mohan|revieremotsensimetho|2021,11
simonyan|verydeepconvonetwo|2014,tan|efficrethimodelscali|2019,11
ji|landsdetecfromopen|2020,long|fullyconvonetwofor|2015,10
imran|aidrartifintelfor|2014,nguyen|damagassesfromsocia|2017,10
guzzetti|landsinvenmapsnew|2012,ronneberger|netconvonetwofor|2015,10
breiman|randofores|2001,huang|revielandssuscemappi|2018,10
froude|globafatallandsoccur|2018,merghadi|machilearnmethofor|2020,10
hochreiter|longshorttermmemor|1997,kingma|adammethoforstoch|2014,10
deng|imagelargescalehiera|2009,krizhevsky|imageclasswithdeep|2012,10
rahnemoonfar|floodhighresolaeria|2021,tan|efficrethimodelscali|2019,10
deng|imagelargescalehiera|2009,kingma|adammethoforstoch|2014,10
linardos|machilearndisasmanag|2022,yu|bigdatanaturdisas|2018,10
nguyen|damagassesfromsocia|2017,simonyan|verydeepconvonetwo|2014,9
(2018)||2018,(2020)||2020,9
cooner|detecurbandamagusing|2016,gupta|xbddatasforasses|2019,9
badrinarayanan|segnedeepconvoencod|2017,simonyan|verydeepconvonetwo|2014,9
he|deepresidlearnfor|2016,imran|aidrartifintelfor|2014,9
lecun|deeplearn|2015,vaswani|attenallyouneed|2017,9
chen|xgbooscalatreeboost|2016,cortes|suppovectonetwo|1995,9
froude|globafatallandsoccur|2018,mohan|revieremotsensimetho|2021,9
froude|globafatallandsoccur|2018,ghorbanzadeh|evaludiffemachilearn|2019,9
krizhevsky|imageclasswithdeep|2017,simonyan|verydeepconvonetwo|2014,9
dong|comprrevieearthinduc|2013,he|deepresidlearnfor|2016,9
guzzetti|landsinvenmapsnew|2012,mohan|revieremotsensimetho|2021,9
he|deepresidlearnfor|2016,hochreiter|longshorttermmemor|1997,9
(2020)||2020,(2023)||2023,9
sun|appliartifintelfor|2020,yu|bigdatanaturdisas|2018,9
vaswani|attenallyouneed|2017,zhao|pyramsceneparsinetwo|2017,8
woo|cbamconvoblockatten|2018,zhao|pyramsceneparsinetwo|2017,8
guzzetti|landsinvenmapsnew|2012,he|deepresidlearnfor|2016,8
rahnemoonfar|floodhighresolaeria|2021,zhao|pyramsceneparsinetwo|2017,8
vaswani|attenallyouneed|2017,woo|cbamconvoblockatten|2018,8
breiman|randofores|2001,lecun|deeplearn|2015,8
goodfellow|deeplearn|2016,he|deepresidlearnfor|2016,8
long|fullyconvonetwofor|2015,vaswani|attenallyouneed|2017,8
gupta|creatxbddatasfor|2019,tan|efficrethimodelscali|2019,8
breiman|randofores|2001,hochreiter|longshorttermmemor|1997,8
deng|imagelargescalehiera|2009,zhao|pyramsceneparsinetwo|2017,8
friedman|greedfunctapprogradi|2001,lundberg|unifiapprointermodel|2017,8
chen|xgbooscalatreeboost|2016,pedregosa|scikilearnmachilearn|2011,8
long|fullyconvonetwofor|2015,szegedy|goingdeepewithconvo|2015,8
(2023)||2023,breiman|randofores|2001,8
goodfellow|deeplearn|2016,hochreiter|longshorttermmemor|1997,8
deng|imagelargescalehiera|2009,nguyen|damagassesfromsocia|2017,8
deng|imagelargescalehiera|2009,gupta|creatxbddatasfor|2019,8
deng|imagelargescalehiera|2009,long|fullyconvonetwofor|2015,7
kingma|adammethoforstoch|2014,pedregosa|scikilearnmachilearn|2011,7
guzzetti|landsinvenmapsnew|2012,merghadi|machilearnmethofor|2020,7
imran|aidrartifintelfor|2014,simonyan|verydeepconvonetwo|2014,7
cooner|detecurbandamagusing|2016,krizhevsky|imageclasswithdeep|2012,7
chen|encoddecodwithatrou|2018,liu|swintranshieravisio|2021,7
nguyen|damagassesfromsocia|2017,yu|bigdatanaturdisas|2018,7
chen|encoddecodwithatrou|2018,vaswani|attenallyouneed|2017,7
linardos|machilearndisasmanag|2022,mosavi|floodprediusingmachi|2018,7
lecun|deeplearn|2015,szegedy|goingdeepewithconvo|2015,7
hochreiter|longshorttermmemor|1997,pedregosa|scikilearnmachilearn|2011,7
ghorbanzadeh|evaludiffemachilearn|2019,vaswani|attenallyouneed|2017,7
deng|imagelargescalehiera|2009,vaswani|attenallyouneed|2017,7
gupta|creatxbddatasfor|2019,gupta|xbddatasforasses|2019,7
(2020)||2020,he|deepresidlearnfor|2016,7
krizhevsky|imageclasswithdeep|2017,ronneberger|netconvonetwofor|2015,7
kingma|adammethoforstoch|2014,vaswani|attenallyouneed|2017,7
chen|encoddecodwithatrou|2018,ghorbanzadeh|evaludiffemachilearn|2019,7
gupta|xbddatasforasses|2019,krizhevsky|imageclasswithdeep|2012,7
cooner|detecurbandamagusing|2016,lecun|deeplearn|2015,7
lecun|deeplearn|2015,simonyan|verydeepconvonetwo|2014,7
chen|encoddecodwithatrou|2018,mohan|revieremotsensimetho|2021,7
badrinarayanan|segnedeepconvoencod|2017,ji|landsdetecfromopen|2020,7
mohan|revieremotsensimetho|2021,woo|cbamconvoblockatten|2018,7
cooner|detecurbandamagusing|2016,he|deepresidlearnfor|2016,7
krizhevsky|imageclasswithdeep|2017,szegedy|goingdeepewithconvo|2015,7
badrinarayanan|segnedeepconvoencod|2017,szegedy|goingdeepewithconvo|2015,7
froude|globafatallandsoccur|2018,guzzetti|landsinvenmapsnew|2012,7
ghorbanzadeh|evaludiffemachilearn|2019,long|fullyconvonetwofor|2015,7
deng|imagelargescalehiera|2009,szegedy|goingdeepewithconvo|2015,6
gupta|creatxbddatasfor|2019,nguyen|damagassesfromsocia|2017,6
chen|xgbooscalatreeboost|2016,merghadi|machilearnmethofor|2020,6
(2018)||2018,(2023)||2023,6
chen|encoddecodwithatrou|2018,gupta|creatxbddatasfor|2019,6
goodfellow|deeplearn|2016,krizhevsky|imageclasswithdeep|2012,6
krizhevsky|imageclasswithdeep|2012,redmon|youonlylookonce|2016,6
kingma|adammethoforstoch|2014,krizhevsky|imageclasswithdeep|2017,6
nguyen|damagassesfromsocia|2017,tan|efficrethimodelscali|2019,6
dong|comprrevieearthinduc|2013,gupta|creatxbddatasfor|2019,6
froude|globafatallandsoccur|2018,huang|revielandssuscemappi|2018,6
ghorbanzadeh|evaludiffemachilearn|2019,krizhevsky|imageclasswithdeep|2017,6
ji|landsdetecfromopen|2020,vaswani|attenallyouneed|2017,6
redmon|youonlylookonce|2016,simonyan|verydeepconvonetwo|2014,6
breiman|baggipredi|1996,friedman|greedfunctapprogradi|2001,6
goodfellow|deeplearn|2016,kingma|adammethoforstoch|2014,6
goodfellow|deeplearn|2016,ronneberger|netconvonetwofor|2015,6
friedman|greedfunctapprogradi|2001,pedregosa|scikilearnmachilearn|2011,6
(2018)||2018,he|deepresidlearnfor|2016,6
(2019)||2019,he|deepresidlearnfor|2016,6
liu|swintranshieravisio|2021,rahnemoonfar|floodhighresolaeria|2021,6
(2018)||2018,breiman|randofores|2001,6
badrinarayanan|segnedeepconvoencod|2017,vaswani|attenallyouneed|2017,6
gupta|xbddatasforasses|2019,zhao|pyramsceneparsinetwo|2017,6
cortes|suppovectonetwo|1995,pedregosa|scikilearnmachilearn|2011,6
breiman|randofores|2001,mohan|revieremotsensimetho|2021,6
hochreiter|longshorttermmemor|1997,mosavi|floodprediusingmachi|2018,6
gupta|xbddatasforasses|2019,kingma|adammethoforstoch|2014,6
(2018)||2018,krizhevsky|imageclasswithdeep|2012,5
hochreiter|longshorttermmemor|1997,krizhevsky|imageclasswithdeep|2017,5
(2019)||2019,(2023)||2023,5
gupta|creatxbddatasfor|2019,krizhevsky|imageclasswithdeep|2012,5
(2020)||2020,dong|comprrevieearthinduc|2013,5
lecun|deeplearn|2015,yu|bigdatanaturdisas|2018,5
he|deepresidlearnfor|2016,yu|bigdatanaturdisas|2018,5
kingma|adammethoforstoch|2014,simonyan|verydeepconvonetwo|2014,5
chen|xgbooscalatreeboost|2016,mosavi|floodprediusingmachi|2018,5
ji|landsdetecfromopen|2020,krizhevsky|imageclasswithdeep|2017,5
(2018)||2018,lecun|deeplearn|2015,5
lecun|deeplearn|2015,sun|appliartifintelfor|2020,5
linardos|machilearndisasmanag|2022,nguyen|damagassesfromsocia|2017,5
mosavi|floodprediusingmachi|2018,sun|appliartifintelfor|2020,5
redmon|youonlylookonce|2016,woo|cbamconvoblockatten|2018,5
gupta|xbddatasforasses|2019,krizhevsky|imageclasswithdeep|2017,5
redmon|youonlylookonce|2016,ronneberger|netconvonetwofor|2015,5
simonyan|verydeepconvonetwo|2014,vaswani|attenallyouneed|2017,5
simonyan|verydeepconvonetwo|2014,zhao|pyramsceneparsinetwo|2017,5
(2020)||2020,lecun|deeplearn|2015,5
ji|landsdetecfromopen|2020,redmon|youonlylookonce|2016,5
mohan|revieremotsensimetho|2021,redmon|youonlylookonce|2016,5
kingma|adammethoforstoch|2014,long|fullyconvonetwofor|2015,5
liu|swintranshieravisio|2021,long|fullyconvonetwofor|2015,5
liu|swintranshieravisio|2021,zhao|pyramsceneparsinetwo|2017,5
gupta|creatxbddatasfor|2019,zhao|pyramsceneparsinetwo|2017,5
imran|aidrartifintelfor|2014,tan|efficrethimodelscali|2019,5
krizhevsky|imageclasswithdeep|2012,vaswani|attenallyouneed|2017,5
ghorbanzadeh|evaludiffemachilearn|2019,zhao|pyramsceneparsinetwo|2017,5
breiman|randofores|2001,cooner|detecurbandamagusing|2016,5
merghadi|machilearnmethofor|2020,mohan|revieremotsensimetho|2021,5
lecun|deeplearn|2015,pedregosa|scikilearnmachilearn|2011,5
long|fullyconvonetwofor|2015,redmon|youonlylookonce|2016,5
gupta|xbddatasforasses|2019,long|fullyconvonetwofor|2015,5
friedman|greedfunctapprogradi|2001,hochreiter|longshorttermmemor|1997,5
gupta|xbddatasforasses|2019,woo|cbamconvoblockatten|2018,5
chen|encoddecodwithatrou|2018,woo|cbamconvoblockatten|2018,5
mohan|revieremotsensimetho|2021,vaswani|attenallyouneed|2017,5
froude|globafatallandsoccur|2018,ji|landsdetecfromopen|2020,5
friedman|greedfunctapprogradi|2001,merghadi|machilearnmethofor|2020,5
ghorbanzadeh|evaludiffemachilearn|2019,lecun|deeplearn|2015,5
breiman|randofores|2001,vaswani|attenallyouneed|2017,5
chen|xgbooscalatreeboost|2016,reichenbach|reviestatibasedlands|2018,5
breiman|randofores|2001,he|deepresidlearnfor|2016,5
breiman|randofores|2001,ronneberger|netconvonetwofor|2015,5
krizhevsky|imageclasswithdeep|2012,woo|cbamconvoblockatten|2018,5
ghorbanzadeh|evaludiffemachilearn|2019,kingma|adammethoforstoch|2014,5
kingma|adammethoforstoch|2014,krizhevsky|imageclasswithdeep|2012,5
deng|imagelargescalehiera|2009,rahnemoonfar|floodhighresolaeria|2021,5
ghorbanzadeh|evaludiffemachilearn|2019,woo|cbamconvoblockatten|2018,5
kingma|adammethoforstoch|2014,zhao|pyramsceneparsinetwo|2017,5
lecun|deeplearn|2015,long|fullyconvonetwofor|2015,4
(2020)||2020,ronneberger|netconvonetwofor|2015,4
hochreiter|longshorttermmemor|1997,ronneberger|netconvonetwofor|2015,4
nguyen|damagassesfromsocia|2017,redmon|youonlylookonce|2016,4
gupta|xbddatasforasses|2019,tan|efficrethimodelscali|2019,4
breiman|randofores|2001,kingma|adammethoforstoch|2014,4
szegedy|goingdeepewithconvo|2015,zhao|pyramsceneparsinetwo|2017,4
lecun|deeplearn|2015,mosavi|floodprediusingmachi|2018,4
chen|encoddecodwithatrou|2018,krizhevsky|imageclasswithdeep|2012,4
gupta|creatxbddatasfor|2019,long|fullyconvonetwofor|2015,4
froude|globafatallandsoccur|2018,ronneberger|netconvonetwofor|2015,4
badrinarayanan|segnedeepconvoencod|2017,woo|cbamconvoblockatten|2018,4
ghorbanzadeh|evaludiffemachilearn|2019,krizhevsky|imageclasswithdeep|2012,4
hochreiter|longshorttermmemor|1997,simonyan|verydeepconvonetwo|2014,4
chen|encoddecodwithatrou|2018,deng|imagelargescalehiera|2009,4
krizhevsky|imageclasswithdeep|2017,lecun|deeplearn|2015,4
krizhevsky|imageclasswithdeep|2017,long|fullyconvonetwofor|2015,4
ji|landsdetecfromopen|2020,merghadi|machilearnmethofor|2020,4
dong|comprrevieearthinduc|2013,lecun|deeplearn|2015,4
long|fullyconvonetwofor|2015,tan|efficrethimodelscali|2019,4
(2020)||2020,cooner|detecurbandamagusing|2016,4
ji|landsdetecfromopen|2020,reichenbach|reviestatibasedlands|2018,4
krizhevsky|imageclasswithdeep|2017,tan|efficrethimodelscali|2019,4
kingma|adammethoforstoch|2014,tan|efficrethimodelscali|2019,4
badrinarayanan|segnedeepconvoencod|2017,krizhevsky|imageclasswithdeep|2012,4
cortes|suppovectonetwo|1995,ronneberger|netconvonetwofor|2015,4
badrinarayanan|segnedeepconvoencod|2017,lecun|deeplearn|2015,4
dong|comprrevieearthinduc|2013,kingma|adammethoforstoch|2014,4
cooner|detecurbandamagusing|2016,woo|cbamconvoblockatten|2018,4
breiman|baggipredi|1996,chen|xgbooscalatreeboost|2016,4
szegedy|goingdeepewithconvo|2015,tan|efficrethimodelscali|2019,4
cortes|suppovectonetwo|1995,friedman|greedfunctapprogradi|2001,4
(2018)||2018,ronneberger|netconvonetwofor|2015,4
lecun|deeplearn|2015,merghadi|machilearnmethofor|2020,4
chen|xgbooscalatreeboost|2016,he|deepresidlearnfor|2016,4
guzzetti|landsinvenmapsnew|2012,long|fullyconvonetwofor|2015,4
rahnemoonfar|floodhighresolaeria|2021,vaswani|attenallyouneed|2017,4
long|fullyconvonetwofor|2015,rahnemoonfar|floodhighresolaeria|2021,4
ji|landsdetecfromopen|2020,kingma|adammethoforstoch|2014,4
he|deepresidlearnfor|2016,linardos|machilearndisasmanag|2022,4
tan|efficrethimodelscali|2019,vaswani|attenallyouneed|2017,4
gupta|creatxbddatasfor|2019,lecun|deeplearn|2015,4
mohan|revieremotsensimetho|2021,zhao|pyramsceneparsinetwo|2017,4
chen|encoddecodwithatrou|2018,lecun|deeplearn|2015,4
long|fullyconvonetwofor|2015,mohan|revieremotsensimetho|2021,4
cortes|suppovectonetwo|1995,hochreiter|longshorttermmemor|1997,4
he|deepresidlearnfor|2016,pedregosa|scikilearnmachilearn|2011,4
badrinarayanan|segnedeepconvoencod|2017,ghorbanzadeh|evaludiffemachilearn|2019,4
deng|imagelargescalehiera|2009,yu|bigdatanaturdisas|2018,4
chen|encoddecodwithatrou|2018,simonyan|verydeepconvonetwo|2014,4
(2019)||2019,breiman|randofores|2001,4
guzzetti|landsinvenmapsnew|2012,woo|cbamconvoblockatten|2018,4
gupta|creatxbddatasfor|2019,liu|swintranshieravisio|2021,4
gupta|xbddatasforasses|2019,liu|swintranshieravisio|2021,4
ghorbanzadeh|evaludiffemachilearn|2019,szegedy|goingdeepewithconvo|2015,4
krizhevsky|imageclasswithdeep|2012,nguyen|damagassesfromsocia|2017,4
rahnemoonfar|floodhighresolaeria|2021,simonyan|verydeepconvonetwo|2014,4
(2019)||2019,pedregosa|scikilearnmachilearn|2011,4
gupta|xbddatasforasses|2019,simonyan|verydeepconvonetwo|2014,4
ronneberger|netconvonetwofor|2015,yu|bigdatanaturdisas|2018,4
lecun|deeplearn|2015,liu|swintranshieravisio|2021,4
tan|efficrethimodelscali|2019,woo|cbamconvoblockatten|2018,4
breiman|randofores|2001,krizhevsky|imageclasswithdeep|2012,4
gupta|xbddatasforasses|2019,szegedy|goingdeepewithconvo|2015,4
deng|imagelargescalehiera|2009,krizhevsky|imageclasswithdeep|2017,4
guzzetti|landsinvenmapsnew|2012,huang|revielandssuscemappi|2018,4
krizhevsky|imageclasswithdeep|2012,pedregosa|scikilearnmachilearn|2011,3
simonyan|verydeepconvonetwo|2014,yu|bigdatanaturdisas|2018,3
dong|comprrevieearthinduc|2013,pedregosa|scikilearnmachilearn|2011,3
krizhevsky|imageclasswithdeep|2017,redmon|youonlylookonce|2016,3
cortes|suppovectonetwo|1995,froude|globafatallandsoccur|2018,3
guzzetti|landsinvenmapsnew|2012,krizhevsky|imageclasswithdeep|2012,3
gupta|xbddatasforasses|2019,yu|bigdatanaturdisas|2018,3
breiman|randofores|2001,yu|bigdatanaturdisas|2018,3
krizhevsky|imageclasswithdeep|2017,yu|bigdatanaturdisas|2018,3
goodfellow|deeplearn|2016,simonyan|verydeepconvonetwo|2014,3
breiman|baggipredi|1996,pedregosa|scikilearnmachilearn|2011,3
goodfellow|deeplearn|2016,szegedy|goingdeepewithconvo|2015,3
krizhevsky|imageclasswithdeep|2017,mohan|revieremotsensimetho|2021,3
(2020)||2020,krizhevsky|imageclasswithdeep|2012,3
ji|landsdetecfromopen|2020,simonyan|verydeepconvonetwo|2014,3
ghorbanzadeh|evaludiffemachilearn|2019,simonyan|verydeepconvonetwo|2014,3
nguyen|damagassesfromsocia|2017,szegedy|goingdeepewithconvo|2015,3
guzzetti|landsinvenmapsnew|2012,szegedy|goingdeepewithconvo|2015,3
kingma|adammethoforstoch|2014,szegedy|goingdeepewithconvo|2015,3
chen|encoddecodwithatrou|2018,szegedy|goingdeepewithconvo|2015,3
gupta|creatxbddatasfor|2019,kingma|adammethoforstoch|2014,3
cooner|detecurbandamagusing|2016,zhao|pyramsceneparsinetwo|2017,3
(2020)||2020,pedregosa|scikilearnmachilearn|2011,3
(2020)||2020,chen|xgbooscalatreeboost|2016,3
ji|landsdetecfromopen|2020,tan|efficrethimodelscali|2019,3
tan|efficrethimodelscali|2019,zhao|pyramsceneparsinetwo|2017,3
froude|globafatallandsoccur|2018,he|deepresidlearnfor|2016,3
cortes|suppovectonetwo|1995,krizhevsky|imageclasswithdeep|2012,3
deng|imagelargescalehiera|2009,imran|aidrartifintelfor|2014,3
(2018)||2018,friedman|greedfunctapprogradi|2001,3
breiman|baggipredi|1996,mosavi|floodprediusingmachi|2018,3
chen|xgbooscalatreeboost|2016,froude|globafatallandsoccur|2018,3
(2018)||2018,simonyan|verydeepconvonetwo|2014,3
(2020)||2020,vaswani|attenallyouneed|2017,3
deng|imagelargescalehiera|2009,redmon|youonlylookonce|2016,3
dong|comprrevieearthinduc|2013,simonyan|verydeepconvonetwo|2014,3
dong|comprrevieearthinduc|2013,woo|cbamconvoblockatten|2018,3
krizhevsky|imageclasswithdeep|2017,nguyen|damagassesfromsocia|2017,3
lecun|deeplearn|2015,reichenbach|reviestatibasedlands|2018,3
(2020)||2020,deng|imagelargescalehiera|2009,3
(2020)||2020,gupta|xbddatasforasses|2019,3
chen|xgbooscalatreeboost|2016,kingma|adammethoforstoch|2014,3
ji|landsdetecfromopen|2020,liu|swintranshieravisio|2021,3
chen|xgbooscalatreeboost|2016,huang|revielandssuscemappi|2018,3
breiman|randofores|2001,linardos|machilearndisasmanag|2022,3
kingma|adammethoforstoch|2014,woo|cbamconvoblockatten|2018,3
rahnemoonfar|floodhighresolaeria|2021,woo|cbamconvoblockatten|2018,3
liu|swintranshieravisio|2021,tan|efficrethimodelscali|2019,3
redmon|youonlylookonce|2016,tan|efficrethimodelscali|2019,3
nguyen|damagassesfromsocia|2017,sun|appliartifintelfor|2020,3
reichenbach|reviestatibasedlands|2018,woo|cbamconvoblockatten|2018,3
cortes|suppovectonetwo|1995,reichenbach|reviestatibasedlands|2018,3
imran|aidrartifintelfor|2014,sun|appliartifintelfor|2020,3
pedregosa|scikilearnmachilearn|2011,simonyan|verydeepconvonetwo|2014,3
breiman|baggipredi|1996,froude|globafatallandsoccur|2018,3
breiman|randofores|2001,dong|comprrevieearthinduc|2013,3
huang|revielandssuscemappi|2018,mohan|revieremotsensimetho|2021,3
goodfellow|deeplearn|2016,mosavi|floodprediusingmachi|2018,3
(2023)||2023,linardos|machilearndisasmanag|2022,3
chen|encoddecodwithatrou|2018,nguyen|damagassesfromsocia|2017,3
sun|appliartifintelfor|2020,tan|efficrethimodelscali|2019,3
nguyen|damagassesfromsocia|2017,ronneberger|netconvonetwofor|2015,3
cooner|detecurbandamagusing|2016,deng|imagelargescalehiera|2009,3
hochreiter|longshorttermmemor|1997,ji|landsdetecfromopen|2020,3
lecun|deeplearn|2015,mohan|revieremotsensimetho|2021,3
badrinarayanan|segnedeepconvoencod|2017,mohan|revieremotsensimetho|2021,3
hochreiter|longshorttermmemor|1997,nguyen|damagassesfromsocia|2017,3
hochreiter|longshorttermmemor|1997,krizhevsky|imageclasswithdeep|2012,3
krizhevsky|imageclasswithdeep|2012,linardos|machilearndisasmanag|2022,3
hochreiter|longshorttermmemor|1997,liu|swintranshieravisio|2021,3
lecun|deeplearn|2015,redmon|youonlylookonce|2016,3
gupta|xbddatasforasses|2019,rahnemoonfar|floodhighresolaeria|2021,3
cooner|detecurbandamagusing|2016,gupta|creatxbddatasfor|2019,3
pedregosa|scikilearnmachilearn|2011,sun|appliartifintelfor|2020,3
ji|landsdetecfromopen|2020,krizhevsky|imageclasswithdeep|2012,3
long|fullyconvonetwofor|2015,woo|cbamconvoblockatten|2018,3
krizhevsky|imageclasswithdeep|2017,vaswani|attenallyouneed|2017,3
froude|globafatallandsoccur|2018,kingma|adammethoforstoch|2014,3
breiman|randofores|2001,ji|landsdetecfromopen|2020,3
friedman|greedfunctapprogradi|2001,huang|revielandssuscemappi|2018,3
mohan|revieremotsensimetho|2021,reichenbach|reviestatibasedlands|2018,3
chen|encoddecodwithatrou|2018,guzzetti|landsinvenmapsnew|2012,3
lundberg|unifiapprointermodel|2017,reichenbach|reviestatibasedlands|2018,3
nguyen|damagassesfromsocia|2017,pedregosa|scikilearnmachilearn|2011,3
friedman|greedfunctapprogradi|2001,lecun|deeplearn|2015,3
chen|xgbooscalatreeboost|2016,lecun|deeplearn|2015,3
szegedy|goingdeepewithconvo|2015,vaswani|attenallyouneed|2017,3
cortes|suppovectonetwo|1995,huang|revielandssuscemappi|2018,3
friedman|greedfunctapprogradi|2001,reichenbach|reviestatibasedlands|2018,3
pedregosa|scikilearnmachilearn|2011,reichenbach|reviestatibasedlands|2018,3
froude|globafatallandsoccur|2018,pedregosa|scikilearnmachilearn|2011,3
chen|xgbooscalatreeboost|2016,hochreiter|longshorttermmemor|1997,3
ghorbanzadeh|evaludiffemachilearn|2019,redmon|youonlylookonce|2016,3
cortes|suppovectonetwo|1995,vaswani|attenallyouneed|2017,3
cortes|suppovectonetwo|1995,kingma|adammethoforstoch|2014,3
kingma|adammethoforstoch|2014,yu|bigdatanaturdisas|2018,3
deng|imagelargescalehiera|2009,sun|appliartifintelfor|2020,3
chen|xgbooscalatreeboost|2016,vaswani|attenallyouneed|2017,3
liu|swintranshieravisio|2021,redmon|youonlylookonce|2016,3
lecun|deeplearn|2015,linardos|machilearndisasmanag|2022,3
gupta|creatxbddatasfor|2019,simonyan|verydeepconvonetwo|2014,3
goodfellow|deeplearn|2016,vaswani|attenallyouneed|2017,3
long|fullyconvonetwofor|2015,nguyen|damagassesfromsocia|2017,3
chen|encoddecodwithatrou|2018,redmon|youonlylookonce|2016,3
redmon|youonlylookonce|2016,zhao|pyramsceneparsinetwo|2017,3
chen|encoddecodwithatrou|2018,gupta|xbddatasforasses|2019,3
chen|encoddecodwithatrou|2018,kingma|adammethoforstoch|2014,3
redmon|youonlylookonce|2016,szegedy|goingdeepewithconvo|2015,3
