doc_a,doc_b,weight
3641,3862,83
3862,3897,83
3641,3897,82
679,3307,78
1636,1674,75
3853,4039,65
1655,1971,55
3045,3225,53
972,3307,47
1573,2979,46
2008,2979,46
3054,3620,43
2843,3009,39
224,425,39
1577,1971,38
3730,3903,37
2383,2496,36
725,738,36
1674,1689,36
2699,3070,36
1573,2008,36
401,3070,35
1573,2650,34
3823,3892,33
694,3397,32
1680,2496,32
236,2797,31
1619,1674,31
2507,2824,30
1573,2831,29
1899,3070,29
85,364,29
2797,3001,29
3059,3172,28
1197,1557,28
886,1751,28
1680,2383,28
2452,3372,27
1674,1835,27
1736,1959,27
791,1332,27
1824,2387,27
1928,1971,27
1501,1839,26
1971,3307,26
1147,3117,25
2008,2650,25
3028,3051,24
2215,2933,24
1133,1656,24
1642,2980,24
2358,2385,24
1779,2096,23
2443,3123,23
1503,1971,23
2751,3832,23
3874,3990,23
164,886,23
1565,1739,23
3138,3273,23
616,1573,23
2197,2828,23
1197,1751,22
3620,3927,22
2617,3404,22
725,1952,22
521,2148,22
3631,3688,22
453,1978,21
249,794,21
3563,3985,21
2762,2797,21
260,350,21
1674,1977,21
1644,2366,21
164,1751,21
794,869,20
700,2650,20
968,2770,20
700,1573,20
1656,2849,20
249,869,20
377,2182,20
828,3070,20
605,1226,20
2545,3118,20
3470,3827,20
311,2215,20
3070,3173,20
453,1234,20
1557,1978,20
486,2453,20
1607,3307,20
106,1431,19
3439,3704,19
3623,4031,19
257,503,19
1566,2016,19
1566,3070,19
3280,3464,19
160,3467,19
1971,2685,19
1992,3258,19
3053,3070,19
3053,3173,18
3832,3984,18
709,980,18
65,1656,18
1743,2938,18
1844,1971,18
520,3307,18
616,2650,18
1674,1971,18
2650,2979,18
3690,3975,18
886,1197,18
1598,1973,18
694,1504,18
3245,3369,17
2654,3029,17
3576,3952,17
2078,2669,17
2016,3070,17
453,677,17
773,1527,17
4000,4037,17
3736,3841,17
164,1197,17
2552,2597,17
2663,3381,17
3251,3654,17
1797,2067,17
2771,3265,16
774,1422,16
3533,3911,16
1656,3684,16
2983,3498,16
3070,3497,16
2016,3173,16
886,1557,16
365,595,16
691,3931,16
3320,3984,16
3050,3306,16
1656,3825,16
3512,3849,16
1757,3137,16
3242,3772,16
407,2489,16
453,2350,16
2098,2459,16
40,1947,16
1971,3146,15
2001,3036,15
3202,3984,15
3173,3984,15
2789,3485,15
677,1978,15
700,2008,15
1425,3137,15
2676,3070,15
2676,3497,15
1557,1751,15
2210,2582,15
407,877,15
2771,3246,15
1186,2588,15
2134,2983,15
1514,2449,15
3837,3911,15
1974,2729,15
3415,3754,15
1898,1962,15
3097,3253,15
1674,1874,15
1506,1660,15
40,2445,15
2699,3173,15
1899,2699,15
2685,3307,15
2008,2017,15
544,616,15
1133,1479,15
1557,2410,15
677,2343,15
1234,1978,15
2751,3173,15
1908,2930,15
453,1015,14
1234,2350,14
3615,3827,14
82,704,14
2831,2979,14
856,1008,14
1974,2934,14
1899,2016,14
3137,3496,14
311,1045,14
1184,1186,14
453,2410,14
2729,3330,14
1566,3173,14
677,2410,14
310,2403,14
1642,2123,14
138,514,14
969,3484,14
1971,2726,14
3330,3837,14
2934,3330,14
138,3070,14
700,2979,14
828,2751,14
2921,3070,14
1262,1291,14
1725,2035,14
50,1015,14
1566,2751,14
98,856,14
1639,1978,14
3745,3811,14
2633,3330,14
453,1557,14
310,3186,14
2181,3173,14
3173,3832,14
40,296,14
453,545,14
82,876,14
138,2016,14
1294,3455,14
1578,2327,14
1197,2343,13
453,1197,13
589,1322,13
1197,1978,13
1431,3070,13
2633,3242,13
477,1234,13
828,1899,13
3070,3984,13
1971,1997,13
1974,3330,13
616,2008,13
1197,2671,13
82,365,13
2098,2535,13
486,2875,13
3751,3857,13
3001,3551,13
2762,3001,13
40,2020,13
453,1678,13
3096,3620,13
4010,4030,13
2701,3365,13
1751,1978,13
828,1566,13
3693,3757,13
3370,3618,13
488,2118,13
1656,2835,13
3053,3832,13
3369,3516,13
2676,3173,13
1566,1899,13
1557,1855,13
605,2348,13
299,732,13
1219,2685,13
2664,3036,13
3053,3984,13
1557,2300,13
1978,2350,13
1978,2118,13
2123,2980,13
828,3173,13
402,3476,13
2879,3620,13
150,192,13
117,2620,13
2934,3694,13
677,2350,12
886,2444,12
2664,3953,12
149,1916,12
1962,2096,12
1782,3258,12
3053,3497,12
1045,1125,12
2885,2972,12
3359,3577,12
453,1569,12
1898,2096,12
3307,3905,12
441,1962,12
3655,3663,12
1125,2215,12
677,1234,12
311,2933,12
2069,2797,12
1015,2350,12
1674,2685,12
3202,3832,12
1557,1569,12
1072,1825,12
1181,2620,12
138,1899,12
40,1917,12
1962,2312,12
1898,1965,12
2130,2315,12
452,1965,12
636,1295,12
595,2294,12
590,1557,12
222,2805,12
300,2786,12
1639,2938,12
433,2176,12
3772,3837,12
3496,3564,12
2751,3070,12
1916,3330,12
3173,3238,12
815,2083,12
2229,2385,12
1678,1978,12
332,2078,12
886,1978,12
2507,2778,12
453,1855,12
1656,2766,12
1403,2867,12
3173,3497,12
3666,3796,12
1352,3307,12
2566,2849,12
1569,2343,12
453,1110,12
164,1557,12
3246,3811,12
1557,2671,12
2797,3551,12
1557,2343,12
236,2762,12
2752,2797,12
3590,3894,12
3060,3118,12
2909,3012,12
2581,2617,12
2921,3053,12
3330,3772,12
453,477,12
3242,3330,12
433,2787,12
1743,2118,11
724,2678,11
1557,1797,11
3242,3984,11
2862,2926,11
453,1751,11
2966,3022,11
1743,2410,11
1569,1978,11
1971,2351,11
679,1971,11
2797,3036,11
1751,2444,11
2459,2535,11
1928,2351,11
3073,3116,11
544,1573,11
2778,2824,11
1809,2771,11
138,1566,11
2298,2410,11
677,1557,11
1797,1978,11
1916,3278,11
1257,1573,11
3146,3307,11
1875,2909,11
1875,2797,11
419,766,11
2633,3402,11
316,1605,11
1996,2215,11
2118,2855,11
2934,3402,11
3330,3402,11
1978,2410,11
677,1110,11
453,1568,11
1032,3676,11
2934,2995,11
2118,2633,11
1782,2182,11
187,1683,11
1566,3832,11
