cited_id,citing_id
3832,2
3294,2
3307,7
3485,7
811,8
419,9
1743,9
3948,9
3036,9
1978,10
2150,10
2719,10
605,11
3512,11
3673,14
3913,16
2443,18
2001,18
3036,18
3871,19
2709,19
2685,19
1549,19
3207,19
3038,19
2692,23
1849,23
3825,23
3832,24
2714,27
3379,28
2535,28
3775,28
3086,30
3359,30
2165,30
3210,30
3444,30
3290,30
3036,30
3220,30
1663,30
2424,31
2486,31
1524,32
2928,32
3711,32
3137,32
3991,32
1737,32
3678,32
3287,32
3418,32
2757,32
3427,32
2991,32
3042,32
3155,32
1668,34
2844,36
3126,36
3485,39
2986,39
3307,39
1524,40
2928,40
3420,40
2952,40
1806,40
1887,40
3968,40
3646,40
3137,40
3960,40
2932,40
1947,40
3088,40
3902,40
683,40
3400,40
3678,40
2757,40
2946,40
1535,40
3190,40
3662,40
2912,40
2744,42
2215,42
1947,42
1917,42
3790,44
3948,44
1594,45
3967,48
3784,48
2360,50
2593,50
2719,50
3676,50
2873,50
2656,51
2843,52
2583,52
3455,52
2384,53
1853,54
2958,54
2298,54
1522,56
3443,57
2981,60
3861,60
3704,62
1899,63
1853,63
171,64
1656,65
3000,65
3128,65
2445,70
3824,70
1535,70
1875,70
1910,70
3466,70
2950,71
3775,74
3429,74
3673,74
2808,74
3889,74
3485,76
3307,76
2789,76
2685,76
3038,76
3251,76
3429,76
2721,76
1656,77
3202,77
3130,77
1663,78
2150,80
3112,80
2323,82
1536,82
1950,82
2210,82
2558,82
2206,82
2486,82
1656,83
3704,83
3799,85
3953,85
2165,85
2520,85
3036,85
1578,85
3156,85
2849,85
3053,86
1690,87
3685,90
1617,91
3889,92
3695,92
1578,92
3603,92
3499,92
1965,92
3845,92
3673,94
3602,96
32,96
2007,97
3913,98
3136,98
3089,98
3179,98
3968,98
3076,98
3724,98
3209,98
3348,100
1668,100
2941,100
3921,103
2494,104
342,104
3925,105
3400,105
3455,106
1431,106
2717,108
1615,110
1201,112
2494,113
1455,113
3238,114
1092,115
2847,117
2744,117
3594,117
2558,117
3837,117
3468,118
3911,118
2393,121
3584,123
1522,123
2879,126
3673,126
1973,126
3290,130
3454,132
3335,132
3243,132
2215,132
3894,132
2176,134
3328,135
1853,135
3117,136
2364,137
1656,137
3704,137
3149,137
2692,137
3832,138
152,138
3984,138
3911,138
2926,138
3837,138
1799,139
2199,139
1950,139
1743,139
2378,148
2305,149
3278,149
3837,149
4030,149
3871,150
3468,154
1816,154
2507,156
1985,156
3053,158
3615,159
3610,160
2241,160
3915,160
3685,161
2685,162
2229,162
2199,164
3174,164
2298,164
2305,166
2901,166
3235,166
2035,167
2855,168
3429,170
2605,170
2393,170
3610,172
2241,172
3004,173
3839,174
1952,174
3832,174
3685,174
3238,174
3831,174
3503,177
528,178
3429,178
3956,185
3889,185
3330,186
2537,186
342,186
1950,186
2384,186
1641,188
1647,188
1972,188
2514,189
1851,190
2610,190
1578,190
2648,195
3053,197
3122,199
3857,199
3668,199
3400,199
3760,199
3504,200
3672,200
3328,201
173,201
3789,201
1660,201
2385,201
1950,202
2981,204
3492,204
3695,204
3771,204
2808,204
2662,204
3927,206
1742,209
3307,209
2150,210
2951,210
3551,212
1875,212
3251,212
3819,212
3259,212
1646,212
925,212
820,212
3420,212
1876,213
1830,213
2996,213
1639,217
1806,225
3076,225
3479,225
3091,225
2418,225
2969,226
2757,227
3791,228
3496,228
1524,228
3678,228
2757,228
3108,228
1772,228
1369,228
3814,231
3832,234
3497,234
1287,235
1869,235
3784,236
3001,236
2932,236
3913,236
3551,236
2752,236
3948,237
3036,237
3704,240
2590,240
3316,240
3439,240
3128,240
2013,240
2709,242
3359,243
1510,243
2148,243
3967,243
2605,243
605,243
3412,243
419,243
3429,246
3775,246
1975,247
1549,247
3210,248
3000,248
2658,251
2378,251
3298,252
2583,252
2408,253
2496,255
645,256
1526,256
3616,257
1656,260
1849,260
3497,262
3832,262
1287,263
2343,263
1585,263
3455,264
2215,264
3307,265
1910,268
1917,268
3353,270
2210,270
3484,270
1853,270
3602,271
2148,272
2329,273
3258,274
2938,274
3512,277
2035,277
1611,277
3036,277
3504,281
2725,281
1431,283
1979,283
2329,283
1656,284
32,284
1991,290
3828,293
2008,293
3485,294
2789,294
3504,294
3225,294
1934,294
3307,294
2411,294
3403,296
3153,296
2078,296
2418,296
1917,296
2034,298
1974,300
2620,300
1725,302
3705,303
2984,303
3497,304
3979,305
2928,308
2913,308
3130,308
2215,308
1991,308
3602,308
1885,308
2770,309
3186,310
2403,310
811,311
3243,311
2215,311
2933,311
3443,311
1996,311
1853,314
2095,316
1625,317
1898,318
3345,318
2501,318
3459,318
3650,318
3560,318
1656,319
1952,319
3246,319
3454,319
708,319
2050,319
2771,319
3929,319
3409,320
3771,321
3928,321
3311,321
3024,321
3223,321
3512,321
3060,323
3782,328
2176,328
3011,328
1925,328
2403,329
3693,332
3209,332
2617,332
3913,332
2078,332
2669,332
2942,332
1535,332
3588,335
171,337
605,337
3760,338
2323,342
1857,344
3307,347
1846,351
2408,351
683,351
1619,361
1876,361
2231,361
2148,363
1925,363
1962,363
3379,363
3345,363
3189,363
3650,363
3696,363
2975,363
3793,364
3799,364
3036,364
3953,364
2165,364
2849,364
2520,364
1663,364
3484,365
4030,365
1887,366
3504,367
1133,369
3320,369
3493,369
1898,372
1952,372
3246,372
708,372
2050,372
2771,372
2001,372
3036,372
2176,372
3775,372
1545,372
3099,372
2393,373
3050,373
2797,374
3243,375
3202,375
3671,375
3598,376
1816,377
3328,377
1974,377
1853,377
1892,377
1594,378
2913,379
2056,382
2553,382
1811,382
2298,382
3085,382
2360,382
1510,383
811,384
1611,384
820,384
3139,384
1092,384
3902,384
2752,384
2996,384
2438,384
645,384
1809,384
1917,384
1663,384
1885,384
1725,388
2940,390
3484,392
1869,392
2343,392
3330,393
3455,393
1974,393
3238,393
3070,393
3445,394
3673,394
3369,394
1721,395
3210,396
2001,396
1952,399
725,399
3837,401
3672,402
3699,405
3251,405
3618,405
2408,405
1656,407
2969,407
2443,407
2520,407
3825,407
3417,407
3953,407
2823,407
2364,407
2692,407
2849,407
1578,407
3704,407
2797,408
2516,408
2688,408
3024,408
3013,408
3459,408
2684,408
3166,410
2797,412
3001,412
2206,415
2150,417
3931,418
3011,419
3887,419
3598,419
3704,419
3246,419
2050,419
3036,419
2001,419
134,419
2148,419
3429,419
1846,423
2709,423
1504,423
2685,423
3841,423
3202,424
2479,426
3742,428
3353,432
1743,432
3484,432
1898,433
3956,433
2535,433
2050,433
2924,433
3379,433
3429,433
3330,436
3497,438
2751,438
1899,438
1656,439
3455,439
2933,439
3011,441
2535,441
3523,441
3429,441
3956,441
2680,441
1201,441
3060,441
3368,441
2678,441
1683,441
3676,447
3459,448
2646,448
2808,448
2924,448
3429,448
1962,448
2050,448
1952,448
3089,451
3107,451
3076,451
3923,451
3668,451
3724,451
2912,451
1952,452
2312,452
2787,452
2148,452
2080,452
2176,452
2050,452
1747,452
3246,452
2494,453
2522,453
2958,453
1731,453
2056,453
2719,453
2735,453
3676,453
2684,453
1546,453
1569,453
2343,453
2298,453
2118,453
2855,453
2206,453
1568,453
1743,453
2376,454
2551,454
3464,455
3968,455
2507,459
3099,459
1617,459
2709,463
2685,463
1614,464
2393,464
3671,464
1846,465
1845,465
675,465
2969,465
1663,465
3287,466
3210,466
3704,466
3335,466
2848,467
3585,468
1683,471
173,474
3618,476
3745,476
3615,476
2467,477
3353,477
2360,477
1743,477
1639,477
2719,477
2067,477
1603,477
2873,477
3001,478
3179,478
3968,478
3280,478
3847,478
3662,478
3782,480
2725,480
3523,480
2403,482
3397,483
3485,486
3982,486
2912,486
2453,486
2875,486
3464,486
3089,486
1656,487
1792,487
1849,487
1578,487
1885,487
3353,488
1557,488
2590,488
3484,488
2016,489
3984,489
1526,489
1979,489
1885,489
2808,492
419,492
3368,492
3062,492
3429,492
2843,493
2685,493
1505,493
3239,493
1193,496
3036,499
3704,499
2001,499
3210,499
466,499
3444,499
756,499
3001,504
3771,504
3847,504
3512,504
3062,504
2924,504
3444,504
3290,504
3948,504
3077,504
3036,504
3675,504
3098,504
3775,504
2685,507
2685,508
3455,508
3125,508
3871,508
3210,508
3572,509
3487,509
3956,509
2459,509
1962,509
1647,509
3523,509
2787,509
1504,511
2797,511
1936,511
1742,511
2656,512
152,514
3911,514
3050,516
2995,516
2717,517
3397,520
3856,520
3307,520
3666,520
3978,520
3585,520
3554,520
3760,520
3673,521
1603,523
2525,526
1922,526
2685,526
1504,526
3684,528
3599,528
2850,528
1570,528
3335,528
3210,528
3825,528
2757,528
2083,528
2969,528
528,529
1510,529
2757,529
2467,536
3330,539
2913,540
3053,540
2757,543
2534,543
2008,544
2650,544
3444,544
2001,544
1510,544
1846,544
1257,544
1573,544
3504,545
3676,545
2735,545
2464,545
1678,545
1568,545
2719,545
2056,545
2848,548
1747,552
3704,555
1678,560
3814,562
3871,563
1857,564
1931,565
2618,565
3259,565
1011,567
3443,572
2635,575
3290,575
3599,575
3009,576
2993,576
2137,576
2099,576
3307,576
2044,577
1522,577
1510,580
2383,580
1809,580
3429,580
2605,580
3673,581
3559,586
3455,587
3504,589
3588,589
2534,589
2656,589
3307,589
3397,589
2343,590
3061,590
2958,590
1950,591
3832,591
2844,592
2580,592
1917,593
1996,593
1193,593
3871,594
3646,594
3125,594
3297,594
4030,595
756,600
811,603
419,604
1931,604
2519,604
1952,605
3775,605
3811,607
3118,607
3368,607
1991,609
1545,610
3597,611
1889,611
3857,611
639,611
2913,612
2150,612
32,614
3053,614
1573,616
2650,616
1257,616
3142,616
2979,616
2534,616
2008,616
2831,616
3778,617
1965,617
3036,625
3929,625
1743,625
3328,626
3455,629
3238,629
3307,633
2685,633
3507,634
2672,639
3307,641
2986,641
2590,641
3948,641
3459,641
3479,641
1806,641
3209,641
1839,643
3760,643
3597,643
3900,643
3784,643
2967,643
3704,644
3036,644
2083,644
3455,645
3832,645
1908,645
2137,645
3359,646
3036,646
2057,647
1934,647
3507,651
1504,653
3982,653
2685,653
1636,653
1711,653
2443,654
3000,654
3290,654
1647,654
675,655
3847,655
2685,655
2823,655
3288,655
3387,655
342,659
3322,659
994,659
2150,660
2719,660
3456,662
2986,667
1510,667
1504,667
2371,667
2975,668
3499,668
3912,668
3379,668
3554,668
3174,669
3717,669
3003,670
3948,671
3847,671
3675,671
2797,671
3001,671
2095,672
2300,672
1678,672
1510,673
1972,673
1505,673
1504,673
1641,673
1625,673
1885,673
1806,673
2719,674
2452,674
3085,674
3353,674
2553,674
2684,674
2510,675
2605,676
3194,676
2438,676
2735,677
1569,677
2343,677
2684,677
2067,677
3676,677
3160,677
1504,678
3455,678
3243,678
2215,678
3784,679
3705,679
3598,679
3861,682
3819,683
3464,684
3209,684
2617,684
3512,685
3290,685
2725,685
3778,685
2467,686
1853,686
3497,687
1700,687
3320,687
3070,687
1615,687
3771,691
3931,691
3956,691
3815,691
3760,691
2534,694
3849,695
3512,695
1850,696
2231,696
3953,697
1899,697
3496,697
3149,697
2979,700
2831,700
3554,703
3696,703
1683,703
3325,704
2323,704
2844,704
2206,704
1974,704
1853,704
2685,706
2789,706
3745,708
2662,709
2975,709
3379,710
2890,712
3693,713
3913,713
1683,713
2231,714
3505,714
1545,714
1656,716
2757,716
3849,717
1742,717
1816,718
3837,718
2635,720
1578,720
3128,720
3889,724
3695,724
2678,724
3229,724
3429,724
1952,725
3246,725
2459,725
2050,725
2771,725
3695,725
1809,725
3419,731
3307,731
1504,733
2261,733
3070,733
1898,734
3051,734
2398,735
1952,738
725,738
1656,742
3036,742
3493,742
1663,742
3757,744
2887,744
1559,744
3307,744
2479,744
3648,745
3409,745
2534,749
2648,753
2685,754
3929,756
2757,756
2403,763
3948,763
3429,763
3771,763
3667,763
3051,763
3361,763
2882,763
3011,766
3889,766
2050,766
3704,766
2443,766
3603,766
3127,766
1683,766
3379,766
3429,766
2516,766
3434,766
2535,766
3929,766
3036,766
2001,766
3965,767
3287,769
3051,773
3504,773
3180,773
2685,773
3444,773
3307,774
1711,775
2371,775
3805,775
3662,775
1731,777
2176,779
3782,779
3011,779
3887,779
1830,783
3461,786
1734,786
2056,786
1559,787
3497,791
3832,791
2329,791
3685,791
3984,791
3671,791
2772,792
3676,792
3584,799
3967,800
3096,801
3363,801
2879,801
1510,802
1504,802
3107,802
2534,802
2986,802
2875,802
2453,802
2656,802
1742,802
1875,802
3149,802
2088,802
2966,802
3420,806
2806,806
2875,806
2993,806
1875,806
1917,806
3307,807
2150,807
3042,811
2714,815
3704,815
3684,815
3599,815
2968,815
3000,815
3870,815
3603,816
3889,816
3189,816
3375,816
3695,816
3499,816
3332,816
3889,817
2878,817
3429,817
1742,819
2797,819
1936,819
2797,820
3946,820
3001,820
3847,820
3251,820
2507,820
2752,820
1721,822
2393,822
2371,822
3485,824
2583,824
1504,824
2789,824
2685,824
1922,824
2751,825
1641,825
3258,827
1614,827
3007,827
3166,828
3685,828
3984,828
1445,831
3551,832
3668,832
3911,832
3928,832
3724,832
3012,832
3107,832
1510,836
2685,837
4031,839
3623,839
3451,839
2179,839
3969,839
3139,839
3485,841
2179,842
2709,842
3307,842
2371,842
1504,844
3504,844
2150,844
2685,844
2656,844
1636,844
3307,844
2479,844
3504,846
1950,848
3694,848
2901,848
4038,854
3675,855
3693,856
1567,856
2952,856
3989,856
3107,856
2803,856
2912,856
3209,856
3913,856
3280,856
2078,856
3479,857
3760,857
3512,859
2924,859
3290,859
3464,861
3444,865
3335,865
3036,865
3290,865
2001,866
1646,867
3757,868
3953,868
3036,868
3929,868
3809,870
3307,870
3982,870
2534,870
1656,877
3825,877
3128,877
3953,877
2443,877
3704,877
3361,879
3485,882
2797,882
2050,882
2685,882
3307,882
2411,882
1504,884
1711,884
3444,885
3290,885
3210,885
3825,885
1557,886
2814,886
2298,886
2371,887
3307,887
2479,887
1510,887
3485,887
2472,887
2951,887
3742,889
2067,889
2300,889
1731,889
2719,889
1711,890
2403,894
2992,894
2717,895
2642,897
1504,898
3307,898
1742,898
3397,898
3825,898
3238,898
3771,898
3828,898
3251,898
2150,898
2685,898
2887,898
1526,899
3984,900
1510,904
1950,906
3429,907
3127,907
3098,907
2725,907
2535,907
3322,911
3028,913
2924,914
3096,914
3760,914
3272,914
2098,914
2459,914
3307,915
2951,915
1825,915
1824,915
3335,915
2566,915
3422,915
3123,915
2664,915
3036,915
3177,915
3856,916
3397,916
2534,916
3307,916
1690,917
2772,917
1799,917
3251,917
2912,917
1947,917
3099,917
3077,917
3429,917
3001,917
3316,918
2969,918
3929,919
639,923
2672,923
2083,925
1885,925
1947,925
1917,925
3137,925
3832,926
2494,926
3320,926
2878,926
2812,926
3984,927
3825,927
3443,933
2534,935
3504,935
3512,935
2685,935
3948,935
3077,935
3653,936
2880,937
1898,943
3968,947
3504,948
3251,948
2912,948
3938,948
2770,948
2329,949
3625,949
3676,950
1978,950
1846,951
3648,951
3597,951
2769,951
3259,954
3653,954
3464,956
925,957
3832,957
2685,958
3931,958
3179,958
3485,958
2573,958
4021,958
2371,958
1809,959
1656,959
1833,959
1792,959
2165,959
2520,959
3287,959
2808,959
3316,959
3870,959
3036,959
3238,959
2725,960
3455,962
1700,962
3053,962
3179,966
3307,966
2770,968
2078,968
2986,968
3724,968
2912,968
3484,969
2719,971
2729,971
3676,971
2360,971
3955,972
3760,972
3594,972
3307,972
3028,973
3051,973
3811,973
1731,978
3386,979
3496,979
3984,979
2662,980
2975,980
1816,983
3480,986
1504,988
3053,988
3485,989
2685,989
2709,989
3259,989
3673,995
3559,995
1545,996
2975,997
3259,999
3759,999
3011,1001
2850,1004
3158,1004
1570,1004
3825,1004
3307,1005
2685,1007
3400,1007
3307,1007
2912,1008
3107,1008
2078,1008
3154,1008
2669,1008
3091,1008
3668,1008
2803,1008
2050,1013
2735,1015
2343,1015
2719,1015
560,1015
3676,1015
3160,1015
2873,1015
2078,1016
2581,1016
2912,1016
2617,1016
3209,1016
3968,1016
1985,1017
2685,1018
3038,1018
3931,1018
2789,1018
3366,1019
3487,1021
2850,1022
3443,1022
3220,1022
521,1024
1952,1024
1962,1024
2148,1024
2148,1025
1725,1028
3702,1028
3559,1032
3742,1032
3036,1038
2001,1038
2150,1039
3650,1039
2685,1039
1973,1039
3287,1043
2215,1045
2933,1045
2083,1045
2312,1047
2502,1049
3279,1049
3523,1050
3429,1050
3828,1050
2001,1050
2797,1050
1504,1052
1991,1052
3210,1056
2364,1056
3696,1057
3782,1057
3650,1058
3601,1058
2986,1058
3464,1058
3825,1061
2656,1062
2664,1063
2075,1063
3485,1072
1825,1072
4011,1078
1985,1080
2986,1080
2044,1080
3365,1080
1689,1082
2573,1082
2685,1082
1573,1082
3584,1085
687,1092
3202,1092
1700,1092
1615,1092
1504,1094
2910,1097
1725,1098
3066,1098
3003,1098
1685,1100
3290,1100
3036,1100
2393,1100
3412,1100
2472,1103
2078,1103
2875,1103
3179,1103
2507,1103
3091,1103
3913,1103
3107,1103
1689,1104
3847,1104
2534,1104
2297,1104
3673,1105
3499,1105
994,1106
2433,1108
3051,1108
3676,1110
1869,1110
2735,1110
1678,1110
1569,1110
1833,1111
2602,1111
3579,1112
3695,1112
3912,1112
3426,1112
3887,1115
2383,1115
3956,1115
2924,1115
3696,1115
3673,1115
3369,1115
2597,1117
3487,1117
3366,1117
3695,1117
2519,1120
2979,1123
2566,1124
3455,1125
3454,1125
3571,1125
3243,1125
3202,1125
1772,1125
3422,1125
3911,1127
2685,1130
1656,1133
3704,1133
3684,1133
2850,1133
1570,1133
3287,1133
2969,1133
3417,1133
1656,1138
2534,1139
1179,1140
3784,1144
3001,1144
2797,1144
3790,1144
3420,1144
3675,1144
3948,1144
1962,1146
3045,1146
3225,1147
3615,1147
1972,1147
3117,1147
1898,1148
2650,1148
2685,1148
1719,1150
725,1152
2050,1152
1809,1152
2459,1152
2951,1154
1972,1155
2850,1155
1580,1155
3702,1161
2364,1162
3444,1164
2850,1164
1656,1164
3117,1164
3290,1164
1972,1164
3335,1164
3220,1164
2443,1164
1647,1164
3796,1164
2664,1164
1725,1168
3832,1169
3053,1169
2016,1169
1536,1170
1846,1170
3816,1172
2692,1176
3316,1176
1578,1176
1849,1177
2685,1177
1922,1177
925,1177
1504,1179
1853,1179
3061,1179
3694,1179
1892,1179
1614,1179
3927,1181
3363,1181
2620,1181
2744,1181
2558,1181
2714,1185
3704,1185
3599,1185
3335,1185
3036,1185
3584,1186
1445,1186
3016,1187
1849,1189
32,1189
3036,1189
3128,1189
2850,1191
3210,1193
2057,1193
3742,1197
2814,1197
1731,1197
2298,1197
2924,1201
2880,1209
2261,1210
605,1212
1580,1212
2165,1212
1852,1212
2664,1212
3512,1212
645,1213
2583,1213
1772,1214
3485,1215
3653,1215
3968,1215
3259,1215
3122,1215
3902,1215
2685,1215
3117,1215
3290,1215
3210,1216
2364,1216
3847,1219
3559,1219
3968,1219
3923,1219
1742,1219
3605,1219
3597,1219
3857,1219
2215,1220
2699,1221
3497,1221
2894,1222
3036,1223
3832,1224
3772,1224
1816,1224
3837,1224
605,1226
3444,1227
3290,1227
3137,1227
2757,1227
3496,1227
1811,1234
2735,1234
1743,1234
1455,1234
1569,1234
2719,1234
560,1234
3484,1234
2067,1234
1678,1234
753,1235
3307,1237
2366,1237
2980,1237
1947,1240
2650,1242
2789,1242
1685,1242
3485,1242
2433,1250
3060,1252
3011,1252
2975,1252
3790,1252
2924,1252
3673,1252
3077,1252
3775,1252
2494,1253
1816,1253
3956,1254
2979,1254
2008,1257
2831,1257
2650,1257
2150,1259
3464,1259
1925,1262
3982,1266
1914,1267
3968,1272
3556,1283
3429,1283
2494,1285
2714,1286
3704,1286
2149,1287
1823,1287
3485,1289
3887,1291
1925,1291
2148,1291
753,1292
910,1292
521,1292
3115,1294
3615,1294
3350,1295
3599,1302
3825,1302
1656,1302
1869,1308
2479,1310
2037,1310
1011,1311
3235,1312
2193,1312
3038,1319
3112,1319
2684,1319
3179,1319
2699,1320
3497,1320
2534,1322
3307,1322
2656,1322
3588,1322
3397,1322
3307,1324
2685,1324
3485,1324
2150,1324
3982,1324
1711,1324
2534,1324
1683,1325
3369,1327
3673,1327
3287,1330
3497,1332
2403,1335
3210,1337
3825,1337
2844,1340
3694,1340
3468,1340
3287,1341
1839,1341
1689,1341
3662,1343
3485,1346
3979,1346
3856,1346
2685,1346
3804,1346
2573,1346
1580,1346
3038,1346
3307,1346
2680,1346
3397,1346
3911,1346
2685,1347
3397,1352
3485,1352
3307,1352
2656,1352
1719,1352
1573,1352
3024,1352
3525,1352
3967,1352
3757,1352
2472,1352
2685,1352
2533,1352
2893,1352
3705,1352
2887,1352
1510,1352
1833,1352
3117,1352
2148,1352
3505,1352
2501,1352
1852,1352
1623,1352
3415,1352
1972,1352
1898,1352
2680,1352
2650,1352
1685,1352
2165,1352
2664,1352
2602,1352
3290,1352
3805,1352
3562,1352
3611,1352
2376,1352
1772,1352
3118,1352
3493,1352
1934,1352
2961,1352
3108,1352
2928,1352
3487,1352
3011,1352
1792,1352
3091,1352
1806,1352
3878,1352
3693,1352
2797,1352
2078,1352
3179,1352
3804,1352
3760,1352
3088,1352
3041,1352
2909,1352
3367,1352
1947,1352
3034,1352
3176,1352
2952,1352
3381,1352
3724,1352
3803,1352
3988,1352
2770,1352
3668,1352
3272,1352
2631,1352
2803,1352
2967,1352
2445,1352
3479,1352
2992,1352
3464,1352
1535,1352
3662,1352
3597,1352
3190,1352
3654,1352
3366,1353
2633,1353
2848,1353
1972,1353
2928,1354
3693,1355
3618,1355
3760,1355
3913,1355
3668,1355
3832,1357
2831,1361
3288,1361
2165,1361
2910,1361
2951,1361
910,1361
1898,1367
1917,1368
3757,1368
2993,1368
3001,1368
3704,1369
3197,1369
3210,1369
3287,1369
3439,1369
3825,1369
2364,1369
3929,1369
3894,1369
2383,1372
2075,1377
3290,1377
3156,1377
3308,1377
3335,1377
3372,1379
2835,1380
2977,1384
3485,1387
419,1388
2656,1394
3793,1397
2979,1397
1504,1397
3504,1397
2507,1399
2752,1399
2992,1399
2593,1401
2958,1401
3461,1401
2882,1402
3444,1402
3419,1402
2510,1402
3444,1404
3290,1404
2165,1404
4011,1405
3128,1406
1133,1407
466,1407
2692,1407
3197,1407
1972,1407
3825,1407
3287,1407
3704,1407
2952,1408
2507,1408
3429,1408
3611,1408
1898,1410
3036,1412
2689,1412
1824,1412
3158,1412
2969,1412
3653,1414
2685,1414
3968,1414
3760,1414
3923,1414
3605,1414
2992,1414
3668,1414
3455,1419
2755,1419
1899,1419
1535,1419
2016,1419
2812,1419
3671,1419
1885,1419
2986,1422
2979,1422
3673,1422
3001,1425
3137,1425
3776,1425
3991,1425
3618,1425
1875,1425
2984,1427
3485,1430
1952,1430
1899,1430
2656,1430
2137,1430
3594,1430
1816,1430
3387,1430
2297,1430
1772,1430
3662,1430
2519,1430
2995,1430
3053,1431
3685,1431
3238,1431
3278,1431
3984,1431
1979,1431
3671,1431
2755,1433
3117,1433
3839,1433
3704,1442
3003,1442
1656,1443
3704,1443
1570,1443
1369,1443
3832,1444
2676,1444
1899,1444
3238,1444
2699,1444
3259,1448
3989,1448
2371,1449
3307,1451
2371,1452
2464,1455
1734,1455
3717,1455
2075,1456
1849,1456
3417,1456
2719,1459
1287,1459
1950,1464
3126,1464
2685,1465
3485,1466
3166,1466
1504,1466
1985,1466
2887,1466
3856,1466
2573,1466
2848,1466
3662,1466
1824,1468
3063,1468
3485,1472
2573,1472
3967,1472
3982,1472
3809,1472
2371,1472
3931,1472
3601,1472
3801,1472
1725,1475
2814,1477
1734,1477
2067,1477
1869,1477
3000,1479
2083,1479
1570,1479
2364,1479
3894,1479
1656,1479
1133,1479
3704,1479
3672,1480
2729,1480
3837,1480
2088,1484
1179,1485
2934,1485
3274,1485
3911,1485
1668,1487
3238,1488
3070,1488
3497,1488
1567,1492
2078,1492
3307,1494
1889,1495
2078,1496
2803,1496
2685,1496
3153,1496
3420,1496
3551,1496
2890,1497
3598,1497
2312,1500
2725,1500
1839,1501
3504,1501
3307,1501
2771,1501
3246,1501
2534,1504
3504,1504
3225,1504
2685,1504
3397,1504
2746,1504
2692,1504
3202,1504
3197,1504
3927,1504
3905,1504
3978,1504
3432,1504
2887,1504
3272,1504
2755,1504
3871,1505
1872,1506
1660,1506
3369,1507
3359,1510
2975,1510
2757,1510
2664,1510
3984,1510
3523,1510
3828,1510
2148,1510
3670,1513
3512,1514
3929,1514
3499,1514
3550,1519
2850,1519
3704,1519
3117,1519
2757,1520
1535,1520
1917,1520
2770,1520
2993,1520
3013,1523
3512,1523
3108,1524
3137,1524
2770,1524
3678,1524
3832,1526
1549,1526
3504,1527
3077,1527
2176,1528
3379,1528
3554,1528
3011,1528
3036,1529
3666,1532
2685,1532
3419,1532
3839,1532
3620,1533
3363,1533
3297,1535
2186,1536
2553,1536
2534,1536
2551,1537
2383,1539
3883,1539
4038,1540
3238,1541
3856,1541
2535,1546
2938,1546
2684,1546
2067,1546
2873,1546
2593,1546
3117,1549
3673,1556
3498,1556
3353,1557
3075,1557
3484,1557
2958,1557
3258,1565
3497,1566
2751,1566
3685,1566
3115,1566
3070,1566
3913,1567
3946,1567
2118,1568
3676,1568
2529,1568
2855,1569
3676,1569
2873,1569
3704,1570
3684,1570
2850,1570
3000,1570
3825,1570
3929,1570
3894,1570
3849,1572
2008,1573
2979,1573
3900,1573
3142,1573
2650,1573
2809,1573
3325,1573
3507,1573
3676,1573
3762,1573
1933,1573
3940,1573
3179,1577
2685,1577
3086,1578
2850,1578
2692,1578
2327,1578
3128,1578
3417,1578
3832,1580
2013,1580
3671,1580
2986,1581
2913,1584
2215,1584
3243,1584
1853,1585
2624,1585
3415,1587
3497,1589
3197,1589
3782,1590
2765,1590
1623,1590
3426,1590
3889,1590
3116,1591
3305,1594
1536,1594
2067,1597
1973,1598
3330,1599
3837,1599
2635,1601
3174,1603
3676,1603
3145,1605
3126,1606
2901,1606
3485,1607
2721,1607
1636,1607
3397,1607
2371,1607
2941,1609
2735,1610
3075,1610
3036,1611
3512,1611
3290,1611
3345,1611
3316,1613
3251,1613
2408,1613
1772,1613
3671,1614
1950,1617
3456,1617
2812,1617
3194,1618
3666,1619
3956,1619
3790,1619
3455,1621
3685,1621
3783,1621
3671,1621
2197,1622
3212,1622
3956,1623
3650,1623
3695,1623
3645,1623
3379,1623
3189,1623
3811,1624
3243,1626
3202,1626
3760,1627
3280,1627
3816,1630
3485,1636
3931,1636
2685,1636
3804,1636
3307,1636
2848,1637
2514,1637
2150,1638
3353,1639
3742,1639
2938,1639
2550,1639
3676,1639
2873,1639
2593,1639
3798,1641
2215,1641
3671,1641
1887,1641
2980,1642
3616,1643
2968,1644
2366,1644
3713,1645
3359,1646
2986,1646
2685,1646
3186,1646
3429,1646
2890,1647
2590,1647
2757,1647
2969,1647
3180,1648
2882,1648
3118,1650
2545,1650
3956,1652
3212,1653
2995,1654
3485,1655
3771,1655
3554,1655
3684,1656
2816,1656
2658,1656
3392,1656
3984,1656
3825,1656
3000,1656
3128,1656
3149,1656
2692,1656
3953,1656
3210,1656
2835,1656
2970,1656
2714,1657
3704,1657
2968,1657
3290,1658
1872,1660
3776,1663
2757,1663
3036,1663
2797,1664
3784,1664
2534,1664
2685,1664
3913,1664
3618,1667
820,1667
2078,1667
3209,1667
3107,1667
3923,1667
2803,1667
2912,1667
3760,1668
1133,1670
3811,1671
1952,1671
1545,1671
3666,1672
3978,1672
3307,1672
3036,1673
3420,1673
2165,1673
2685,1674
3485,1674
3804,1674
3931,1674
3166,1674
3666,1674
3771,1674
2952,1674
3246,1674
3956,1674
3147,1674
3653,1674
3179,1674
3968,1674
3790,1674
2618,1674
3801,1674
3045,1674
3601,1674
3238,1674
3978,1674
3298,1674
3675,1674
2648,1674
3038,1674
3307,1674
2891,1674
2371,1674
2656,1677
3038,1677
2056,1678
2719,1678
2343,1678
2983,1680
2383,1680
3369,1680
3673,1680
2808,1683
3368,1683
2001,1684
3520,1684
2050,1684
3912,1684
3837,1686
3747,1688
3960,1688
3166,1689
3246,1689
3147,1689
3801,1689
3045,1689
3601,1689
3238,1689
3675,1689
2371,1689
3124,1691
3307,1692
3971,1694
2637,1696
3138,1697
3815,1697
3948,1706
3307,1710
1725,1710
3948,1710
3979,1710
2979,1710
3804,1713
3307,1713
3397,1713
3832,1714
3927,1714
3253,1717
2501,1717
3673,1717
2534,1717
1504,1721
2383,1721
2496,1721
3011,1721
1510,1721
1852,1721
1952,1721
2662,1721
3828,1721
2148,1721
2080,1725
3066,1725
3419,1725
2582,1726
3075,1727
3353,1727
2452,1727
2522,1731
2385,1732
2873,1734
2672,1735
2535,1735
1975,1735
3307,1735
3775,1735
2685,1736
3445,1738
3673,1738
3258,1739
3001,1742
1922,1742
3955,1742
3307,1742
1823,1743
3246,1747
3956,1747
3375,1747
3948,1747
2814,1751
2298,1751
3742,1751
3497,1752
3644,1752
2966,1753
3042,1753
2981,1756
3137,1757
1917,1757
3003,1760
3004,1760
2533,1763
3504,1763
3814,1763
3847,1764
3066,1771
3704,1772
3599,1772
3335,1772
3123,1772
3036,1772
3789,1774
3115,1776
3984,1776
2558,1776
2986,1777
3572,1779
3588,1779
3889,1779
3696,1779
3523,1779
3828,1779
3554,1779
3429,1779
3258,1782
3504,1785
2658,1786
2878,1786
3953,1790
3929,1790
3290,1792
3036,1792
3953,1792
1914,1797
3742,1797
1569,1797
2719,1797
2938,1797
1734,1797
2067,1797
3316,1800
3492,1804
3960,1804
3948,1804
3429,1804
3036,1804
3760,1806
3479,1806
2507,1806
2946,1806
2850,1807
3572,1809
2771,1809
3948,1809
3828,1809
2983,1810
3369,1810
3676,1811
3325,1811
3429,1812
2725,1812
3775,1813
3845,1813
3246,1813
3345,1813
3484,1816
2910,1817
3186,1818
3126,1820
2558,1820
2305,1820
3274,1820
2995,1822
3353,1823
3742,1823
3325,1823
3802,1824
3832,1824
3444,1824
3117,1824
2951,1825
3124,1827
3520,1831
3286,1831
3847,1832
2803,1834
2770,1834
2952,1835
3653,1835
2618,1835
3298,1835
2648,1835
3038,1835
2891,1835
3166,1836
3618,1836
1619,1836
3369,1836
3197,1837
3307,1838
3504,1839
3971,1839
3246,1839
2771,1839
2034,1839
3077,1839
3948,1839
3258,1840
2403,1843
3186,1843
3931,1844
3259,1844
3122,1844
3223,1844
3053,1845
3117,1845
3290,1845
2739,1845
2438,1845
3386,1846
2797,1846
3704,1846
2672,1846
3353,1846
3246,1846
3968,1846
3335,1846
2858,1846
2685,1846
3444,1846
3153,1846
2675,1848
2890,1848
3825,1849
3392,1851
3439,1851
2878,1851
3971,1852
3883,1852
3676,1855
3484,1855
2519,1857
2398,1859
3485,1863
2986,1863
2685,1863
2573,1863
3238,1863
3307,1863
3397,1863
2118,1869
1823,1869
1569,1869
1977,1869
1546,1869
2298,1869
3688,1870
3948,1871
3551,1871
2514,1872
3948,1875
3724,1875
3784,1875
3968,1875
3705,1876
3562,1876
3307,1876
2408,1877
3243,1879
3025,1883
3392,1885
2642,1885
2083,1885
3042,1885
1917,1885
3459,1886
3189,1886
2966,1888
3948,1888
2928,1888
3108,1888
2844,1892
3126,1892
3694,1892
2323,1893
3115,1895
3615,1895
3839,1896
3371,1898
3948,1898
3554,1898
3956,1898
3811,1898
3889,1898
3011,1898
3523,1898
2725,1898
3912,1898
3429,1898
2894,1898
3598,1898
3051,1898
3790,1898
3883,1898
2975,1898
3971,1898
2073,1898
3972,1898
2951,1898
2808,1898
3849,1898
3832,1899
2676,1899
3685,1899
3802,1899
3837,1899
3671,1899
2744,1900
3870,1900
2692,1901
2787,1901
3927,1903
3456,1903
2926,1903
3400,1904
2934,1907
2633,1907
3618,1910
3280,1910
3325,1913
2067,1913
2719,1913
3512,1914
2719,1914
3011,1915
3251,1915
3857,1915
3330,1916
3905,1916
3041,1917
3137,1917
3251,1917
3991,1917
3177,1917
2757,1917
3496,1917
3760,1917
2393,1917
2083,1920
2685,1921
3648,1921
2685,1922
3085,1924
3238,1924
2424,1924
3429,1925
3572,1925
2975,1925
2560,1925
3694,1926
3984,1927
3353,1928
3154,1930
3671,1930
3386,1931
3036,1931
3871,1931
3290,1931
1683,1932
2806,1936
3599,1936
3849,1936
3512,1936
3164,1936
3290,1936
2757,1936
3036,1936
3098,1936
2506,1936
3307,1939
2150,1940
2672,1940
3487,1940
3194,1940
3246,1940
2560,1945
3041,1947
3646,1947
3251,1947
3991,1947
3400,1947
1875,1947
2083,1947
2821,1947
2992,1947
1917,1947
2534,1948
3487,1948
3882,1948
3202,1948
3443,1948
3676,1948
2305,1950
3572,1952
3246,1952
3520,1952
2975,1952
2050,1952
2771,1952
3695,1952
3179,1955
2685,1955
3724,1955
2882,1956
1685,1956
3887,1962
3720,1962
3956,1962
3379,1962
3782,1962
3696,1962
3523,1962
3011,1962
3412,1962
3828,1962
2725,1962
3588,1962
2050,1962
2535,1962
3429,1962
3189,1962
3060,1962
1845,1964
2771,1965
3889,1965
3572,1965
2787,1965
3487,1965
2050,1965
2975,1965
3135,1965
3158,1965
2672,1965
3011,1965
3459,1965
2725,1965
3405,1965
3588,1965
2560,1965
3062,1965
3499,1965
3127,1965
2688,1965
3782,1965
3554,1965
3099,1965
2769,1965
3598,1965
3778,1965
2589,1965
3434,1965
2312,1965
2176,1965
3036,1966
3166,1968
3984,1969
2467,1970
2979,1971
3485,1971
3666,1971
3784,1971
3771,1971
3931,1971
3353,1971
3847,1971
3179,1971
3968,1971
3259,1971
3122,1971
3982,1971
3400,1971
2685,1971
3824,1971
3978,1971
3760,1971
3878,1971
3597,1971
3668,1971
3623,1971
3307,1971
3554,1971
3223,1971
3197,1972
3599,1972
3444,1972
2757,1972
2969,1972
3839,1973
3615,1973
3905,1974
3832,1974
2844,1974
3395,1974
3694,1974
3837,1974
3931,1977
3179,1977
3968,1977
3978,1977
3307,1977
3484,1978
2814,1978
1734,1978
2067,1978
2719,1978
3676,1978
2735,1978
2958,1978
3727,1979
3832,1979
3053,1979
3504,1979
2403,1981
2165,1984
3290,1984
3149,1984
3599,1984
2534,1984
3307,1985
3400,1985
3314,1985
2603,1985
2606,1985
2842,1990
3258,1992
3117,1993
2099,1995
3588,1995
3420,1995
2215,1996
3455,1999
3220,2000
3736,2000
2986,2000
3982,2000
2573,2000
3036,2001
3849,2001
3929,2001
3003,2003
3290,2003
3948,2003
3036,2003
3929,2003
3882,2004
3419,2005
3330,2007
3905,2007
2979,2008
3142,2008
2709,2010
3955,2010
3956,2010
3801,2010
3815,2010
2721,2010
2986,2012
2850,2013
3497,2016
3278,2016
3493,2016
3671,2016
2979,2017
3142,2017
3825,2018
3335,2018
3599,2018
3455,2018
3454,2018
3400,2020
3646,2020
1656,2031
1570,2031
3704,2031
3418,2031
3409,2035
2549,2035
3360,2037
3948,2043
3036,2043
2893,2043
3711,2044
3713,2044
3738,2047
1851,2048
3246,2050
2771,2050
3811,2050
2215,2055
2523,2056
3166,2057
3011,2058
2535,2058
3455,2059
3771,2060
3775,2061
2535,2064
3011,2067
2553,2067
3742,2067
2938,2067
3676,2067
2797,2068
3960,2068
2685,2068
3464,2068
3695,2069
2165,2069
3001,2069
3784,2069
2523,2071
1546,2071
2593,2071
2360,2071
3956,2073
3696,2073
1570,2074
3308,2075
3051,2075
3403,2075
2058,2076
3011,2076
3758,2078
2942,2078
2669,2078
3693,2078
2617,2078
3913,2078
3353,2079
3704,2083
3684,2083
3599,2083
3335,2083
3364,2083
3210,2083
3894,2083
3127,2084
3375,2084
3368,2084
3956,2084
3246,2084
3712,2088
3809,2088
2986,2088
3307,2088
2850,2090
3000,2090
3417,2090
3128,2090
3311,2096
2535,2096
3429,2096
3828,2096
3588,2096
3598,2096
3599,2096
3523,2096
2894,2096
2459,2096
2725,2096
3572,2096
3429,2098
3782,2098
3499,2098
3375,2098
1504,2100
1725,2100
2685,2100
3789,2100
3882,2102
3673,2102
1850,2103
3332,2105
3194,2107
2580,2108
3636,2113
3887,2118
3583,2118
3160,2118
2980,2123
1585,2124
3471,2125
3849,2125
2050,2125
2689,2125
3036,2125
3036,2127
2882,2128
3215,2130
3369,2130
4011,2131
2507,2132
3381,2132
3960,2132
3975,2132
2983,2134
3445,2134
3369,2134
3239,2137
3009,2137
3419,2140
3801,2144
3397,2145
3673,2148
3443,2150
3841,2150
2035,2151
3186,2151
2812,2152
2967,2156
2685,2156
3551,2156
2752,2156
2502,2156
3673,2162
2672,2162
3379,2162
2848,2164
2685,2165
3400,2165
3496,2165
2770,2167
3429,2168
3409,2170
3003,2170
3551,2175
3420,2175
3554,2176
2560,2176
3650,2176
3011,2176
3429,2176
3127,2176
2808,2176
2725,2176
2970,2180
3335,2180
3671,2181
3258,2182
1011,2182
3889,2185
3782,2185
2537,2186
1524,2190
2770,2190
2479,2190
2717,2192
3650,2194
3205,2194
3011,2194
2597,2197
2073,2199
2873,2204
3345,2205
2765,2205
3782,2205
3948,2205
3875,2209
2646,2209
2637,2210
3468,2210
3444,2213
3290,2213
3599,2213
3335,2213
3711,2215
3455,2215
3243,2215
2933,2215
3175,2215
3894,2215
3042,2215
3117,2221
3585,2229
3594,2229
3126,2232
3305,2232
2744,2233
2662,2233
3504,2233
3194,2233
3849,2233
3512,2233
3290,2233
3822,2236
3307,2241
3673,2244
3799,2246
3444,2246
3220,2246
1962,2246
1809,2246
3598,2249
2685,2252
3016,2256
3868,2257
3729,2259
3916,2261
3644,2263
3894,2269
2969,2269
3429,2270
3367,2272
3618,2272
3878,2272
3307,2272
3928,2272
3070,2273
3235,2274
3685,2275
3053,2275
3507,2277
2551,2280
3251,2281
2912,2283
2875,2283
2078,2283
3243,2288
3365,2289
3496,2292
3251,2292
3444,2292
2535,2296
3127,2296
2725,2296
3429,2296
3335,2297
3000,2297
3444,2297
2343,2298
1978,2300
2360,2300
3325,2300
2067,2300
2958,2300
3676,2300
3825,2304
3235,2305
2519,2305
1570,2306
1849,2306
2849,2306
3825,2306
3220,2311
1772,2311
2725,2312
3499,2312
3588,2312
2545,2312
2787,2312
3379,2312
3889,2312
2050,2312
2808,2312
2148,2313
3215,2315
3676,2316
3832,2317
2525,2323
3588,2325
3650,2325
3828,2325
2878,2325
2816,2327
2692,2327
3128,2327
3832,2329
3625,2329
3115,2329
3984,2329
3948,2331
3307,2332
1133,2334
1570,2334
2850,2334
2534,2336
3210,2341
2364,2341
3676,2343
2873,2343
3443,2345
3180,2349
2855,2350
2719,2350
1678,2350
2958,2350
3160,2350
2873,2350
2685,2352
3258,2353
2940,2353
2699,2354
3705,2355
3653,2355
3024,2355
2850,2357
3444,2357
3443,2357
2165,2357
3036,2357
2385,2358
3585,2358
3328,2358
3478,2358
2729,2360
3676,2360
3556,2361
3307,2361
4038,2362
3487,2363
3782,2363
3915,2363
3307,2363
2675,2364
3439,2364
3210,2364
2969,2364
3608,2364
3112,2368
3485,2371
2549,2372
3485,2373
3736,2373
3443,2373
2551,2376
3599,2378
3036,2378
3673,2383
3775,2383
3516,2383
3762,2384
3594,2385
3328,2385
3832,2385
3402,2385
3085,2385
3585,2385
3478,2385
3117,2386
3427,2386
3802,2387
3832,2387
3444,2387
3117,2387
3137,2388
3466,2388
3456,2391
3827,2393
3925,2397
3503,2397
3738,2397
3809,2397
2986,2397
3278,2398
3520,2399
3585,2400
2229,2400
3594,2400
3428,2403
3186,2403
2193,2404
2501,2408
3760,2408
3961,2408
3654,2408
3913,2408
2581,2408
2950,2409
3353,2410
3762,2410
2343,2410
2298,2410
3160,2410
3307,2411
3601,2411
2371,2411
2878,2412
3584,2415
3350,2417
3290,2417
3279,2417
3059,2418
3938,2418
3760,2418
3305,2423
2879,2423
3619,2426
3194,2426
3036,2429
3053,2431
2882,2433
3028,2433
3051,2433
3667,2433
2058,2434
1683,2437
3455,2438
3202,2438
2996,2438
3704,2443
3335,2443
3123,2443
2516,2443
3316,2443
3210,2443
3036,2443
1557,2444
2298,2444
3251,2445
3333,2445
3961,2445
2537,2446
3694,2446
3602,2447
1656,2448
2751,2448
1570,2448
2582,2448
1549,2448
2878,2448
2699,2448
1885,2448
3210,2449
3429,2449
2083,2449
3512,2449
2725,2449
2443,2449
3499,2449
2535,2449
3929,2449
2928,2450
3372,2452
3484,2452
3209,2453
3089,2453
2912,2453
3598,2454
3011,2454
2176,2454
3837,2456
2685,2458
3375,2459
2098,2459
3127,2459
3782,2459
2725,2459
3412,2459
3429,2459
3316,2461
3560,2461
3825,2461
2894,2462
3429,2462
2083,2463
2719,2464
2007,2464
2887,2465
2479,2465
2150,2465
3504,2465
3359,2466
3325,2467
2343,2467
3931,2470
2924,2474
3426,2474
2001,2475
3948,2475
2685,2478
2148,2478
3036,2478
2037,2479
3956,2480
3011,2480
1806,2481
3479,2481
2507,2481
2946,2481
3668,2481
3153,2481
3618,2482
3776,2482
3861,2484
3554,2484
3704,2489
3417,2489
3694,2492
1853,2494
2044,2495
2983,2496
2383,2496
3445,2496
3673,2496
3369,2496
2977,2498
3363,2499
3332,2499
3894,2500
3673,2501
3811,2501
3554,2501
3551,2503
3960,2503
3412,2504
3849,2506
3512,2506
3784,2507
3960,2507
3849,2507
3551,2507
3512,2510
3982,2514
3419,2514
3429,2516
3123,2516
2725,2516
3554,2516
3745,2517
3883,2517
3145,2519
3036,2520
2545,2520
3825,2520
3948,2520
3246,2520
2685,2524
3307,2524
3330,2525
3089,2525
3504,2525
3061,2525
3180,2527
4011,2528
3307,2528
3742,2529
3935,2529
4006,2529
2873,2529
3246,2530
3487,2530
3429,2530
3620,2534
3676,2534
3307,2534
2685,2534
3176,2534
3230,2534
3243,2534
3870,2534
3202,2534
3400,2534
3496,2534
3765,2534
3635,2534
3905,2534
3480,2534
3365,2534
3503,2534
3017,2534
3363,2534
3025,2534
3194,2534
3619,2534
3597,2534
3724,2534
3359,2534
3847,2534
3948,2534
3451,2534
3353,2534
3127,2535
3379,2535
3554,2535
3429,2535
3670,2537
3137,2538
3251,2541
3889,2541
3523,2541
3554,2541
3775,2541
3060,2545
3572,2545
3956,2545
3588,2545
3695,2545
3828,2545
3554,2545
3116,2547
3676,2550
3307,2551
2986,2551
3366,2552
3956,2554
3720,2554
3345,2554
3253,2554
3246,2554
3062,2554
3572,2554
3598,2554
3825,2557
3372,2557
3694,2558
2995,2558
3650,2560
3946,2564
3960,2564
3112,2565
3652,2566
3971,2569
3883,2569
3969,2573
2986,2573
3307,2573
3623,2575
3961,2575
3099,2575
3845,2575
2912,2575
3497,2577
3832,2577
3984,2577
3671,2577
2772,2580
3404,2581
3034,2581
3305,2582
3152,2583
3290,2583
3238,2583
3984,2583
3347,2583
3130,2586
3070,2586
3584,2588
3704,2590
3684,2590
3825,2590
3894,2590
3132,2593
3160,2593
3841,2594
3307,2595
2078,2595
3819,2595
3153,2595
3366,2597
2050,2600
2685,2600
3782,2600
3379,2600
3771,2605
3622,2605
3554,2605
3704,2609
3316,2609
3210,2609
3117,2609
3036,2609
3316,2610
3197,2610
3778,2612
3246,2612
3811,2612
3727,2613
3694,2614
3984,2615
3711,2616
3618,2617
3225,2618
3793,2618
2847,2620
3832,2620
3685,2620
3360,2620
2744,2620
2558,2620
3742,2633
2534,2633
3174,2633
3636,2633
3038,2633
3717,2633
3935,2633
3704,2635
3615,2635
3832,2636
3639,2636
3455,2639
3328,2639
3671,2642
3011,2646
3294,2647
2008,2650
2979,2650
2831,2650
3142,2650
3985,2656
3787,2656
3531,2656
3238,2656
3279,2656
3397,2656
3771,2657
3861,2658
3811,2662
3099,2662
3971,2662
3246,2662
3599,2664
3849,2664
3036,2664
3158,2664
3673,2667
3523,2667
3775,2667
3771,2668
2942,2669
3878,2669
2664,2670
3422,2670
2814,2671
3809,2672
3246,2672
3251,2672
3695,2672
3978,2672
3948,2672
3543,2672
3379,2672
3520,2674
3608,2675
3894,2675
3832,2676
3070,2676
3889,2678
3368,2678
2725,2678
3229,2678
3429,2678
3759,2679
3348,2679
3889,2680
3523,2680
3060,2680
3189,2680
3695,2680
3588,2680
3696,2680
3499,2680
3345,2680
3307,2685
3978,2685
3179,2685
3847,2685
3597,2685
2617,2687
3618,2687
3695,2688
3986,2688
3554,2688
3967,2688
3485,2689
3036,2689
2848,2690
4015,2697
3359,2698
2808,2698
3307,2698
3845,2698
3832,2699
3979,2699
3671,2699
3365,2701
3585,2703
3893,2703
3871,2704
2797,2708
3001,2708
3668,2708
2909,2708
3724,2708
3760,2708
2803,2709
3908,2709
3871,2709
2534,2709
2685,2709
3783,2709
3825,2709
2981,2709
3207,2709
2558,2709
3107,2710
3364,2714
3097,2715
3913,2715
3646,2716
3397,2718
3259,2718
2986,2718
2685,2718
3328,2720
3694,2720
3671,2720
3694,2723
3603,2725
3523,2725
3379,2725
3554,2725
3429,2725
3711,2726
3784,2726
3978,2726
3666,2726
3968,2726
3653,2726
3878,2726
3360,2729
3927,2730
3837,2730
3849,2732
3784,2740
3075,2742
3560,2744
3646,2746
3975,2746
3832,2751
3685,2751
3837,2751
3671,2751
3551,2752
3784,2752
3001,2752
3960,2752
3230,2754
3694,2755
3001,2756
3420,2756
3887,2758
3956,2758
3371,2758
3426,2758
3927,2759
3001,2762
3420,2762
3791,2762
3551,2762
3704,2764
3003,2764
3889,2765
3962,2765
3782,2765
3912,2765
3554,2765
3392,2766
3870,2766
3335,2766
3316,2766
3948,2769
3849,2769
3290,2769
3471,2769
3107,2770
2986,2770
3662,2770
3724,2770
2912,2770
3246,2771
3782,2771
3811,2771
3948,2771
3978,2771
3828,2771
2631,2778
3849,2778
3960,2778
2507,2778
2008,2778
3053,2785
3036,2785
3832,2786
2744,2786
3671,2786
3956,2787
2924,2787
3379,2787
3429,2787
3485,2789
3307,2789
3801,2789
3931,2789
3804,2789
2078,2789
2453,2789
2099,2789
2502,2792
3136,2792
3330,2793
3061,2793
3001,2797
3784,2797
3791,2797
3913,2797
3551,2797
3699,2798
2942,2798
3152,2799
3209,2803
3878,2803
3251,2806
3420,2806
2808,2806
3716,2806
3847,2806
2995,2807
3956,2808
3828,2808
2672,2808
3379,2808
3948,2808
3775,2808
3434,2808
3704,2810
3307,2813
3704,2815
3210,2815
2938,2817
3353,2819
3704,2821
3616,2822
2664,2823
3784,2824
3849,2824
3551,2824
3584,2825
3619,2825
2597,2828
2197,2828
3330,2829
3402,2829
3694,2829
3814,2831
3137,2841
3871,2843
3009,2843
3911,2844
3694,2844
2995,2845
3598,2850
3704,2850
3000,2850
3894,2850
3579,2851
3599,2851
3419,2851
3290,2851
3077,2851
3036,2851
3246,2851
3487,2852
3520,2852
3676,2855
3160,2855
2008,2856
2979,2856
3397,2856
3673,2858
3429,2858
3456,2862
3504,2866
3616,2867
3439,2868
3274,2869
3639,2869
3003,2871
3353,2873
3742,2873
3935,2873
3160,2873
3968,2874
3913,2874
3923,2874
2453,2875
3822,2875
2912,2875
3684,2878
3197,2878
3533,2879
3620,2879
3985,2882
3705,2882
3597,2882
3927,2885
2986,2887
2656,2887
3307,2887
3620,2889
3063,2889
3418,2890
3205,2890
3956,2894
3696,2894
2912,2895
3503,2896
3925,2896
2797,2899
3001,2899
2507,2899
3551,2899
2981,2906
2961,2906
3117,2906
2610,2906
3152,2906
3946,2909
3913,2909
3958,2909
3724,2909
3099,2909
3012,2909
2912,2909
3363,2910
3551,2911
3960,2911
3668,2912
3724,2912
3704,2920
3984,2921
3070,2921
3238,2921
3615,2921
3671,2921
3202,2921
3837,2921
3512,2922
3967,2924
3166,2925
2887,2925
3648,2925
2656,2925
2537,2926
3115,2926
3208,2926
3456,2926
2699,2926
3711,2927
3454,2928
3108,2928
2519,2929
3041,2930
3646,2930
3025,2930
3819,2930
3286,2932
3175,2933
3905,2934
3053,2934
3202,2934
3694,2934
3837,2934
3711,2941
3348,2941
3280,2942
3307,2951
3653,2952
3819,2957
3989,2957
3961,2966
3012,2966
3704,2969
3599,2969
3036,2969
3894,2969
3599,2970
3335,2970
2842,2973
3429,2975
3523,2975
3696,2975
2597,2976
3316,2976
3142,2979
3861,2981
3871,2982
3516,2983
3445,2983
3498,2983
3883,2983
3670,2990
3420,2992
3179,2992
2685,2992
3089,2993
3076,2993
3333,2993
3961,2993
3166,2994
3484,2995
3921,2996
3207,2996
3784,3001
3551,3001
3791,3001
3409,3004
3531,3005
2685,3005
3931,3005
3290,3005
3504,3010
3815,3010
3915,3010
3760,3010
3598,3011
3650,3011
3782,3011
3724,3012
3878,3012
3908,3016
3927,3017
3775,3018
3666,3022
3968,3022
3961,3022
3012,3022
3076,3022
3832,3025
3760,3027
3856,3030
3307,3030
3796,3032
3666,3032
3496,3032
2685,3032
2981,3032
3803,3034
3849,3036
3929,3036
3791,3036
3512,3036
3397,3038
3307,3038
3117,3038
3666,3038
3815,3038
3956,3038
3646,3041
3938,3041
3602,3042
3809,3045
3685,3045
3601,3045
3238,3045
3984,3045
3307,3045
3815,3045
3615,3045
3028,3051
3599,3053
3685,3053
3115,3053
3694,3053
3671,3053
3620,3054
3927,3054
3363,3054
3694,3054
3931,3056
3847,3056
3001,3056
3849,3056
3956,3060
3783,3063
3246,3067
3948,3067
3775,3069
3673,3069
3832,3070
3685,3070
3772,3070
3984,3070
3837,3070
3061,3073
3116,3073
3968,3076
3760,3076
3588,3077
3948,3077
3543,3077
3615,3083
3870,3086
3599,3086
3724,3089
3989,3090
3784,3091
3757,3091
3445,3096
3379,3096
3927,3096
3760,3097
3757,3097
3938,3097
3107,3097
3523,3098
3782,3098
3572,3099
3998,3100
3554,3100
3913,3107
3597,3107
3076,3108
3599,3108
3948,3108
3783,3115
3671,3115
3061,3116
3615,3117
3753,3117
3790,3117
3599,3117
3850,3117
3108,3117
3839,3117
3986,3118
3956,3118
3828,3118
3554,3118
3572,3118
3588,3118
3695,3118
3060,3118
3036,3121
3599,3123
3335,3123
3210,3123
3825,3123
4008,3124
3845,3127
3782,3127
3379,3127
3434,3127
3825,3128
3839,3129
3599,3129
3870,3129
3984,3129
3676,3132
3958,3133
3717,3133
3036,3135
3929,3135
3849,3135
3791,3137
3646,3137
3776,3137
3870,3137
3737,3138
3979,3140
3062,3141
3499,3141
3762,3145
3742,3145
3784,3146
3931,3146
3847,3146
2685,3146
3902,3146
3760,3146
3597,3146
3878,3146
3668,3146
3307,3146
3857,3146
3811,3147
3745,3147
3210,3149
3870,3149
3599,3149
3572,3150
3912,3150
3878,3154
3724,3154
3678,3155
3889,3157
3379,3157
3782,3157
3935,3160
3753,3165
3061,3165
3549,3166
3911,3170
3929,3171
3685,3173
3802,3173
3671,3173
3693,3176
3991,3177
3753,3177
3137,3177
3496,3177
3760,3179
3646,3179
3724,3179
3428,3186
3543,3188
3913,3190
3878,3190
3972,3194
3695,3194
3572,3194
3316,3198
3953,3198
3704,3198
3650,3205
4009,3205
3894,3205
3598,3205
3636,3206
3921,3207
3400,3209
3878,3209
3913,3209
3929,3210
3894,3210
3608,3210
3704,3210
3825,3210
3666,3213
3096,3216
3503,3216
3444,3220
3711,3220
3949,3223
3685,3225
3787,3225
3615,3225
3307,3225
3809,3225
3793,3225
3238,3225
3984,3225
3279,3225
3668,3227
3772,3242
3911,3242
3837,3242
3554,3245
3775,3245
3971,3246
3745,3246
3948,3246
3543,3246
3956,3247
3815,3248
3986,3251
3760,3251
3975,3251
3654,3251
3616,3252
3760,3253
3938,3253
3097,3253
4021,3253
3982,3256
4030,3257
3503,3264
3738,3264
3871,3264
3673,3264
3516,3264
3828,3265
3782,3265
3948,3265
3246,3265
3783,3266
3707,3272
3192,3272
3839,3272
3138,3273
3554,3277
4030,3278
3793,3279
3531,3279
3787,3279
3693,3280
3654,3280
3913,3280
3650,3284
3011,3284
3060,3284
3791,3286
3776,3286
3586,3286
3704,3287
3036,3287
3279,3290
3599,3290
3793,3290
3202,3290
3673,3292
3549,3294
3646,3297
3815,3298
3179,3298
3931,3298
3451,3298
3551,3298
3837,3305
3999,3305
3784,3307
3705,3307
3598,3307
3562,3307
3847,3307
3979,3307
3588,3307
3618,3307
3655,3307
3902,3307
3645,3307
3815,3307
3955,3307
3760,3307
3878,3307
3597,3307
3638,3307
3929,3307
3594,3307
3915,3307
4031,3307
3623,3307
3525,3307
3554,3307
3549,3307
3928,3307
3724,3307
3857,3307
3036,3308
3246,3310
3972,3310
3551,3313
3960,3313
3825,3316
3205,3316
3138,3318
3671,3320
3832,3320
3802,3320
3762,3325
3839,3327
3772,3328
3533,3328
3594,3328
3070,3328
3837,3328
3832,3328
3868,3329
3694,3330
3837,3330
3251,3333
3599,3335
3832,3341
3671,3341
3272,3350
3279,3350
3948,3350
3543,3350
3077,3350
2656,3357
3577,3359
3929,3359
3620,3363
3927,3363
3644,3366
3870,3366
4009,3366
3554,3368
3673,3368
3060,3368
3775,3368
3956,3368
3415,3368
3956,3369
3618,3370
3554,3371
3551,3372
3484,3372
4010,3374
3889,3379
3554,3379
3956,3379
3572,3379
3588,3379
3782,3379
3685,3382
3832,3382
3668,3383
3724,3383
3927,3384
3753,3386
3915,3389
3499,3389
3588,3389
3956,3391
3036,3391
3676,3391
3572,3391
3533,3395
4019,3396
3572,3397
3646,3397
3815,3397
3948,3397
3623,3397
3828,3397
3668,3400
3902,3401
3828,3402
3694,3402
4006,3402
3496,3403
3251,3403
3618,3404
3554,3408
3379,3408
3003,3409
3704,3417
3205,3418
3011,3418
3137,3418
3982,3419
3958,3420
3784,3420
3894,3422
3782,3426
3678,3427
3550,3427
3650,3429
3379,3429
3646,3430
3400,3433
3695,3434
3668,3435
3784,3435
3902,3435
3968,3435
3007,3436
3704,3439
3608,3439
3825,3439
3929,3439
3531,3444
3787,3444
3711,3444
3815,3444
3279,3444
3379,3445
3927,3449
3839,3454
3832,3454
3979,3454
3115,3455
3615,3455
3379,3459
3913,3462
3107,3462
3699,3464
3610,3467
3571,3472
3599,3472
3335,3472
3644,3472
3870,3472
3831,3476
3771,3477
3599,3477
3837,3478
3760,3479
4030,3480
3594,3483
3676,3484
3307,3485
3967,3485
3801,3485
3290,3485
3771,3485
3554,3485
3956,3487
3127,3487
3379,3487
3554,3487
3998,3492
3883,3492
3791,3496
3832,3497
3673,3498
3883,3498
3782,3499
3828,3499
3588,3499
3948,3499
3554,3499
3967,3499
4038,3500
3957,3504
3956,3506
3849,3512
3956,3520
3956,3523
3815,3531
4021,3531
3787,3531
3911,3533
3668,3538
3998,3542
3784,3551
3946,3551
3960,3551
3979,3558
3671,3560
3985,3563
3791,3564
3599,3571
3870,3571
3598,3572
3554,3572
3857,3576
3929,3577
3815,3579
3599,3586
3554,3588
3924,3588
3889,3588
3572,3588
3608,3590
3554,3603
3693,3605
3913,3605
3889,3614
3827,3615
3584,3619
4031,3623
3688,3631
3572,3650
3598,3650
3814,3650
3599,3650
3647,3650
3986,3650
3887,3650
3986,3654
3760,3654
3736,3655
3871,3656
3968,3662
3646,3668
3948,3675
3956,3675
3742,3676
3507,3676
4030,3685
3784,3693
3913,3693
3958,3693
3911,3694
3929,3704
3685,3711
3598,3714
3956,3714
3554,3714
3956,3718
3815,3719
3684,3723
3636,3727
3646,3741
3883,3745
4015,3750
3857,3751
3646,3753
3938,3757
3760,3757
3742,3762
3668,3768
3724,3768
3956,3771
3911,3772
3791,3776
3646,3776
3889,3778
3696,3782
3956,3782
3889,3782
3962,3782
3979,3783
3815,3784
3893,3789
3956,3790
3820,3796
3938,3804
3784,3804
3989,3804
3815,3805
3965,3809
3554,3811
3998,3811
3913,3813
3913,3819
3958,3823
3747,3823
3958,3824
3929,3825
3511,3825
3572,3828
3720,3828
3685,3832
3802,3832
3671,3832
3956,3833
3912,3833
3784,3835
3671,3836
3911,3837
4030,3837
3802,3839
3959,3841
3736,3841
3655,3841
3969,3844
3623,3847
3784,3847
3668,3852
3915,3855
3588,3855
3771,3856
3956,3856
3554,3856
3729,3857
3875,3858
3572,3858
4011,3861
3572,3861
3742,3861
4011,3863
3644,3870
3771,3870
3599,3870
3911,3880
3837,3880
3554,3889
3956,3889
3958,3892
3747,3892
3824,3892
3608,3894
4008,3894
4019,3900
3784,3902
3854,3905
3911,3905
3771,3917
3847,3917
3913,3923
4019,3923
3620,3927
3911,3927
3598,3929
3956,3929
3988,3931
4010,3931
3956,3931
3963,3931
3771,3931
3815,3931
4019,3937
3790,3944
3857,3952
3870,3953
3599,3953
3736,3959
3665,3965
3946,3966
3693,3966
3913,3966
3760,3966
3912,3967
3572,3967
3564,3968
4021,3968
3883,3971
3695,3972
3554,3972
3699,3974
3802,3984
