doc_id,label,year,local_citations,global_citations
2,Islam M.T. (2025),2025,0,6
7,Yang S.-H. (2025),2025,0,2
8,Yun H. (2025),2025,0,3
9,Manzini T. (2025),2025,0,1
10,Vaiapury S. (2025),2025,0,1
11,Cercel P. (2025),2025,1,1
14,Hacilar H. (2025),2025,0,4
16,Sudha S.B. (2025),2025,1,1
18,Liu Y. (2025),2025,0,1
19,Onsay E.A. (2025),2025,0,3
23,Kwak T. (2025),2025,0,1
24,Zhang H. (2025),2025,0,4
27,Adhikari S. (2025),2025,0,0
28,Gu Z. (2025),2025,0,0
30,Sundaresan A.A. (2025),2025,0,13
31,Zeng Z. (2025),2025,0,1
32,Liu B. (2025),2025,4,26
34,Wu Y. (2025),2025,0,3
36,Chauhan V. (2025),2025,0,30
39,Lehmer N. (2025),2025,0,2
40,Xiao S. (2025),2025,0,2
42,Fang X. (2025),2025,0,1
44,Prakash G. (2025),2025,0,4
45,Nguyen B.-Q.-V. (2025),2025,0,0
48,Huang H. (2025),2025,0,0
50,Yu B. (2025),2025,0,0
51,Talal M. (2025),2025,0,0
52,Srivastava R. (2025),2025,0,0
53,Zeng Y. (2025),2025,0,6
54,Yi X. (2025),2025,1,9
56,Hong Y.-Y. (2025),2025,0,2
57,Chand R. (2025),2025,0,12
60,Li M. (2025),2025,0,7
62,Li W. (2025),2025,0,4
63,Yu B. (2025),2025,0,8
64,Dong F. (2025),2025,0,4
65,Zhu Y. (2025),2025,0,3
70,Boota M.W. (2025),2025,0,1
71,Fukutani Y. (2025),2025,0,2
74,Kuo W.-N. (2025),2025,1,1
76,Khorram-Manesh A. (2025),2025,0,2
77,Sibandze P. (2025),2025,0,3
78,Xue F. (2025),2025,0,2
80,Kaushal A. (2025),2025,0,16
82,Dhakal D. (2025),2025,0,4
83,Matosak B.M. (2025),2025,0,0
85,Dubey V. (2025),2025,0,0
86,Tian Y. (2025),2025,0,4
87,Li C. (2025),2025,0,0
90,Kafi K.M. (2025),2025,0,2
91,Liu C. (2025),2025,0,0
92,Holail S. (2025),2025,0,1
94,Gu Y. (2025),2025,0,5
96,Bibbo L. (2025),2025,0,2
97,De Silva S. (2025),2025,0,1
98,Pavani T.D.N. (2025),2025,0,6
100,Yuan S. (2025),2025,0,0
103,Han Z. (2025),2025,0,3
104,Kong Y. (2025),2025,0,1
105,Chang Y. (2025),2025,0,0
106,Liu J. (2025),2025,0,6
108,Liu Z. (2025),2025,0,1
110,Wang Q. (2025),2025,0,5
112,Wen W. (2025),2025,0,13
113,Nguyen K.A. (2025),2025,0,1
114,Khaldi L. (2025),2025,0,3
115,Bao S. (2025),2025,0,7
117,Badola S. (2025),2025,1,10
118,Ha H. (2025),2025,0,18
121,Xia Z. (2025),2025,0,2
123,Xiu Y. (2025),2025,0,0
126,Sreedevi V.M. (2025),2025,0,3
130,Munawar H.S. (2025),2025,0,1
132,Taghizadeh M. (2025),2025,0,30
134,Vescovo R. (2025),2025,1,3
135,Yin H. (2025),2025,0,0
136,Bhosekar S. (2025),2025,0,0
137,Misra A. (2025),2025,0,33
138,Hussain M.A. (2025),2025,0,5
139,Wei R. (2025),2025,0,1
148,Sun Y. (2025),2025,0,0
149,Hasan M.M. (2025),2025,0,9
150,He C. (2025),2025,0,1
152,Hussain W. (2025),2025,2,1
154,Mulabbi A. (2025),2025,0,2
156,Sufi F. (2025),2025,0,3
158,Liu W. (2025),2025,0,3
159,Museru M.L. (2025),2025,0,12
160,Mudassir G. (2025),2025,1,1
161,Majid S.I. (2025),2025,0,6
162,Papakis I. (2025),2025,0,5
164,Chandra N. (2025),2025,0,0
166,Xia H. (2025),2025,0,0
167,Elshewey A.M. (2025),2025,0,4
168,Su Y. (2025),2025,0,8
170,Yu J. (2025),2025,0,0
171,Zhu W. (2025),2025,2,27
172,Mudassir G. (2025),2025,0,1
173,Illarionova S. (2025),2025,2,16
174,Arachchige S.M. (2025),2025,0,4
177,Wang C. (2025),2025,0,4
178,Yu S. (2025),2025,0,0
185,Macchiarulo V. (2025),2025,0,33
186,Ehsan M. (2025),2025,1,14
188,Togacar M. (2025),2025,0,0
189,Rajagopal B.G. (2025),2025,0,1
190,Lateef L.O. (2025),2025,0,2
195,Andrianarivony H.S. (2025),2025,0,2
197,Rau M.I. (2025),2025,0,0
199,Quiliche R. (2025),2025,0,0
200,Zhang R. (2025),2025,0,19
201,Ejaz N. (2025),2025,0,14
202,Nocentini N. (2025),2025,0,1
204,Asif A. (2025),2025,0,1
206,Wella (2025),2025,0,1
209,Hamsadhwani V. (2025),2025,0,0
210,Kanmaz U. (2025),2025,0,0
212,Faria F.T.J. (2025),2025,0,2
213,Alazbah A.A. (2025),2025,0,3
217,Yang B. (2025),2025,0,0
225,Dujardin S. (2025),2025,0,0
226,Zhang J. (2025),2025,0,4
227,Wan J. (2025),2025,0,10
228,Notarangelo N.M. (2025),2025,0,3
231,Zhang J. (2025),2025,0,0
234,Luo P. (2025),2025,0,1
235,Yi X. (2025),2025,1,2
236,Rachel S.S. (2025),2025,0,2
237,Shubhasree A.V. (2025),2025,0,1
240,Sharma N.K. (2025),2025,1,22
242,Heo S. (2025),2025,0,2
243,Cha J. (2025),2025,0,4
246,Kang S. (2025),2025,0,1
247,Hasnaoui Y. (2025),2025,1,9
248,Zhang Z. (2025),2025,0,1
251,Wang F. (2025),2025,0,7
252,Srinivas J. (2025),2025,0,0
253,Jiang Y. (2025),2025,0,9
255,Gocer M. (2025),2025,0,5
256,Li Z. (2025),2025,0,3
257,Abdalla M. (2025),2025,1,2
260,Irukumati S. (2025),2025,0,1
262,Nam K. (2025),2025,0,6
263,Li X. (2025),2025,0,0
264,Wang C. (2025),2025,0,3
265,Adiguzel S. (2025),2025,0,0
268,Qiu Z. (2025),2025,0,0
270,Bac Dang K. (2025),2025,0,1
271,Yoo M.M. (2025),2025,0,0
272,Barry M. (2025),2025,0,0
273,Hassanjabbar A. (2025),2025,0,0
274,Fan X. (2025),2025,0,18
277,Imandi R. (2025),2025,0,7
281,Al-Enezi D. (2025),2025,0,0
283,Arora A. (2025),2025,0,4
284,Sun Q. (2025),2025,0,0
290,Zhang Y. (2025),2025,0,1
293,Chishtie F.A. (2025),2025,0,0
294,Abid S.K. (2025),2025,0,3
296,Xiao S. (2025),2025,0,0
298,Aggarwal D. (2025),2025,0,0
300,Bediroglu S. (2025),2025,0,1
302,Bukhari S.M.S. (2025),2025,0,4
303,Ansari F. (2025),2025,0,3
304,Derman M.T. (2025),2025,0,0
305,Kumar P.A. (2025),2025,0,0
308,Li Z. (2025),2025,1,4
309,Huang Y. (2025),2025,0,1
310,Khan T. (2025),2025,0,19
311,Liao Y. (2025),2025,0,11
314,Broquet M. (2025),2025,0,2
316,Liang R. (2025),2025,0,9
317,Kuhaneswaran B. (2025),2025,0,7
318,Ramachandran A. (2025),2025,0,0
319,Ho Y.-H. (2025),2025,0,2
320,Vaits E.V. (2025),2025,0,0
321,Singh M.K. (2025),2025,0,0
323,Sonang S. (2025),2025,0,0
328,Lyu H. (2025),2025,0,1
329,Davidich Y. (2025),2025,0,5
332,Karimiziarani M. (2025),2025,0,5
335,Yuan X.-X. (2025),2025,0,0
337,Xu Z. (2025),2025,0,9
338,Gulnerman A.G. (2025),2025,0,1
342,Halder K. (2025),2025,3,24
344,Zhang Y. (2025),2025,0,0
347,Eftekhari A. (2025),2025,0,0
351,Soomro S.-E.-E. (2025),2025,0,1
361,Tang F. (2025),2025,0,2
363,Hatic D. (2025),2025,0,1
364,Dubey V. (2025),2025,0,3
365,Dey S. (2025),2025,0,2
366,Sharma V.K. (2025),2025,1,6
367,Xu M. (2025),2025,0,0
369,Al Mehedi Md.A. (2025),2025,0,2
372,Yang S. (2025),2025,0,3
373,Chen J. (2025),2025,0,0
374,Thirukrishna J.T. (2025),2025,1,4
375,Tsumita N. (2025),2025,0,18
376,Li Y. (2025),2025,0,9
377,Liu M. (2025),2025,0,1
378,Ha H. (2025),2025,0,2
379,Yakin S. (2025),2025,0,0
382,Pande P. (2025),2025,0,2
383,Hanwacker L.S. (2025),2025,0,3
384,Dar S.S. (2025),2025,0,4
388,Tavakol Sadrabadi M. (2025),2025,0,10
390,Cui Y. (2025),2025,0,1
392,Mulabbi A. (2025),2025,0,1
393,Zhao X. (2025),2025,0,0
394,Li L. (2025),2025,0,2
395,Yardimci-Coskun I. (2025),2025,0,0
396,Zhang X. (2025),2025,0,0
399,Behrooz H. (2025),2025,0,0
401,Alabdan R. (2025),2025,0,3
402,Kaya A.Y. (2025),2025,0,0
405,Wang C. (2025),2025,1,5
407,S G. (2025),2025,0,2
408,Khandare S.B. (2025),2025,0,0
410,Ariyaei A. (2025),2025,0,1
412,Huang H. (2025),2025,1,3
415,Miao J. (2025),2025,0,0
417,Rasouli Panah H. (2025),2025,0,2
418,Dahdal S. (2025),2025,0,1
419,Chen H. (2025),2025,5,24
423,Gerolimos N. (2025),2025,1,11
424,Ikram R.M.A. (2025),2025,0,5
426,Xie C. (2025),2025,1,14
428,Chowdhury A. (2025),2025,0,2
432,Nava L. (2025),2025,0,2
433,Hafner S. (2025),2025,0,2
436,Ado M. (2025),2025,0,5
438,Ahmed I.A. (2025),2025,0,2
439,Uddin K. (2025),2025,0,3
441,Khankeshizadeh E. (2025),2025,1,10
447,Ren X. (2025),2025,1,5
448,Xiao Y. (2025),2025,1,2
451,Khallouli W. (2025),2025,0,2
452,Lagap U. (2025),2025,0,3
453,Chen X. (2025),2025,0,3
454,Belfeki Z. (2025),2025,0,2
455,Gupta T. (2025),2025,0,2
459,Yang Y. (2025),2025,0,1
463,Miiro E. (2025),2025,0,2
464,Ding J. (2025),2025,0,3
465,Sathees Babu S. (2025),2025,0,2
466,Fawakherji M. (2025),2025,2,20
467,Cratere A. (2025),2025,0,1
468,Thies B. (2025),2025,0,11
471,Ferchichi A. (2025),2025,0,7
474,Ravi M. (2025),2025,0,0
476,Kijewski-Correa T. (2025),2025,0,6
477,Luo W. (2025),2025,1,33
478,Aljedani N. (2025),2025,0,0
480,Du H.-G. (2025),2025,0,2
482,Suh Y. (2025),2025,0,2
483,Ivanov M.L. (2025),2025,0,1
486,Wang K. (2025),2025,0,2
487,Saleh T. (2025),2025,0,1
488,Vega J. (2025),2025,0,7
489,Abdo H.G. (2025),2025,0,3
492,Zheng Z. (2025),2025,0,0
493,Gupta H.S. (2025),2025,0,3
496,Choi H. (2025),2025,0,0
499,Polushko V. (2025),2025,0,0
504,Upadhyay J.L. (2025),2025,0,0
507,Ajaj Y.S. (2025),2025,1,3
508,Peng H. (2025),2025,0,3
509,Han D. (2025),2025,0,4
511,Chen J. (2025),2025,0,0
512,Dixit A. (2025),2025,0,2
514,Meena S.R. (2025),2025,0,12
516,Li Y. (2025),2025,0,2
517,Zheng C. (2025),2025,0,0
520,Sinha A. (2025),2025,0,0
521,Bhardwaj D. (2025),2025,2,21
523,Wang Z. (2025),2025,0,7
526,Magdum V.B. (2025),2025,0,0
528,Roohi M. (2025),2025,2,20
529,Suma K.G. (2025),2025,0,0
536,He Y. (2025),2025,0,6
539,P L. (2025),2025,0,22
540,Huang J. (2025),2025,0,5
543,Arias Velasquez R.M. (2025),2025,0,0
544,Krichen M. (2025),2025,0,0
545,Tang X. (2025),2025,0,4
548,Moussa M. (2025),2025,0,1
552,Miller B. (2025),2025,0,0
555,Raju V.P. (2025),2025,0,0
560,Mi Y. (2025),2025,2,4
562,Annunziata D. (2025),2025,0,1
563,Haggag M. (2025),2025,0,1
564,Zeng J. (2025),2025,0,1
565,Sangeeta (2025),2025,0,0
567,Lamichhane S. (2025),2025,1,9
572,Priyadharshini P. (2025),2025,0,2
575,Id Hadiana A. (2025),2025,0,0
576,Puime Pedra M. (2025),2025,0,2
577,Jiang S. (2025),2025,0,4
580,Aboosh O.Sh.A. (2025),2025,0,3
581,Lakshay (2025),2025,0,0
586,Polepally V. (2025),2025,0,0
587,Thalor M. (2025),2025,0,0
589,Waykar Y.A. (2025),2025,0,0
590,Salam R. (2025),2025,0,8
591,Fu Y. (2025),2025,1,9
592,Chen B. (2025),2025,0,43
593,Woo H. (2025),2025,0,8
594,Song Y. (2025),2025,1,3
595,Dey S. (2025),2025,1,6
600,Mentesidis P. (2025),2025,0,0
603,Yarveysi F. (2025),2025,0,10
604,Pillai R.M. (2025),2025,0,0
605,Kopiika N. (2025),2025,5,39
607,Aydin M. (2025),2025,0,0
609,Zhai W. (2025),2025,0,3
610,Wu X. (2025),2025,0,0
611,Saini M.L. (2025),2025,0,0
612,Bukhari S.A.S. (2025),2025,1,5
614,Raj A. (2025),2025,0,0
616,Abdalzaher M.S. (2025),2025,0,1
617,Singla S. (2025),2025,0,0
625,Chen B. (2025),2025,0,0
626,Zhang Y. (2025),2025,0,6
629,Jhong B.-C. (2025),2025,0,0
633,Kamble D.M. (2025),2025,1,1
634,Kong L. (2025),2025,0,20
639,Moreno Gonzalez C.L. (2025),2025,2,2
641,Gilga C. (2025),2025,0,3
643,Murthy D. (2025),2025,0,3
644,Qin G. (2025),2025,0,5
645,Wang Y. (2025),2025,3,34
646,Anis K.R. (2025),2025,0,1
647,Akinsoji A.H. (2025),2025,1,6
651,Ren T. (2025),2025,0,2
653,Singh R. (2025),2025,0,3
654,Sener A. (2025),2025,0,2
655,Mikail A.A. (2025),2025,0,0
659,Arora J. (2025),2025,0,0
660,Vaiapury S. (2025),2025,0,0
662,Yin H. (2025),2025,0,2
667,Kumar S. (2025),2025,0,0
668,Kerle N. (2025),2025,0,1
669,Precilla M.J. (2025),2025,0,1
670,Zhao Y. (2025),2025,0,13
671,Gorthi L.S.A. (2025),2025,0,0
672,Wang W. (2025),2025,0,1
673,Shankar G. (2025),2025,0,3
674,Vidhyasagar B. (2025),2025,0,0
675,VanExel K. (2025),2025,2,13
676,Chatterjee D. (2025),2025,0,0
677,Qu Y. (2025),2025,0,10
678,Chang L.-C. (2025),2025,0,10
679,Qasaymeh M.A.S. (2025),2025,0,0
682,Rishi N. (2025),2025,0,1
683,Li R. (2025),2025,2,13
684,Lamba S. (2025),2025,0,2
685,Sharma P. (2025),2025,0,0
686,Zhang G. (2025),2025,1,6
687,Ke E. (2025),2025,1,48
691,Naibi S. (2025),2025,0,2
694,Singh V. (2025),2025,0,1
695,Zhou Y. (2025),2025,0,0
696,Peng W. (2025),2025,0,32
697,Sirsant S. (2025),2025,0,3
700,Elbohy S.E. (2025),2025,0,1
703,Alnaddaf M.M. (2025),2025,0,0
704,Kudaibergenov M. (2025),2025,1,17
706,Krasniqi E. (2025),2025,0,0
708,Gu D.L. (2025),2025,2,11
709,Saquella S. (2025),2025,0,0
710,Li C. (2025),2025,0,1
712,Zhao J. (2025),2025,0,9
713,Imran M. (2025),2025,0,2
714,Ahmad M. (2025),2025,0,6
716,Parthasarathi M.A. (2025),2025,0,0
717,AbdElkarim O. (2025),2025,0,0
718,Sarkar P. (2025),2025,0,6
720,Basit M.B. (2025),2025,0,0
724,Gomroki M. (2025),2025,1,15
725,Braik A.M. (2025),2025,3,9
731,Siavrakas M. (2025),2025,0,2
733,Shen Y. (2025),2025,0,12
734,Al Shafian S. (2025),2025,0,2
735,Vatamany L. (2025),2025,0,6
738,Braik A.M. (2025),2025,0,0
742,Melavanki N. (2025),2025,0,0
744,Al Maamari R.H.H. (2025),2025,0,1
745,Fu Z. (2025),2025,1,5
749,Guha S. (2025),2025,0,0
753,Sultania S. (2025),2025,2,3
754,Singh K. (2025),2025,1,2
756,Gerontopoulos A. (2025),2025,2,1
763,Azizi A. (2025),2025,1,4
766,Wang Z. (2025),2025,0,3
767,Paul P.M. (2025),2025,0,0
769,Cambrin D.R. (2025),2025,0,4
773,Quero C.O. (2025),2025,0,49
774,Amiran A. (2025),2025,0,1
775,Komendantova N. (2025),2025,0,10
777,Liu Z. (2025),2025,0,7
779,Ezaki Y. (2025),2025,0,1
783,Ding Y. (2025),2025,0,10
786,Sun S. (2025),2025,0,1
787,Saleem M.A. (2025),2025,0,7
791,Ahmad I. (2025),2025,0,40
792,Chen L. (2025),2025,0,3
799,Ambarkar B. (2025),2025,0,0
800,Zhang S. (2025),2025,0,1
801,Dogan A. (2025),2025,0,9
802,Andrae S. (2025),2025,0,6
806,He Z. (2025),2025,0,1
807,Anon (2025),2025,0,0
811,Aderyani F.R. (2025),2025,4,26
815,Adhikari S. (2025),2025,0,3
816,Sidharta S. (2025),2025,0,0
817,Takyi S. (2025),2025,0,4
819,Wen L. (2025),2025,1,10
820,Dar S.S. (2025),2025,3,24
822,Raj A. (2025),2025,1,2
824,Benisha Chris A. (2025),2025,0,0
825,Razavi-Termeh S.V. (2025),2025,0,13
827,Tang Z. (2025),2025,0,6
828,Shirani K. (2025),2025,0,0
831,Thalor M. (2025),2025,0,0
832,Singla A. (2025),2025,0,2
836,Spatharis E. (2025),2025,0,0
837,Sassi M. (2025),2025,0,2
839,Gunkel J. (2025),2025,1,6
841,Chauhan B.V.S. (2025),2025,0,0
842,Afrin T. (2025),2025,0,4
844,Abid S.K. (2025),2025,1,4
846,Bhatti M.K. (2025),2025,0,10
848,Lu J. (2025),2025,0,13
854,Xu Z. (2025),2025,0,2
855,Satpati S. (2025),2025,0,0
856,Wahid J.A. (2025),2025,1,13
857,Hanny D. (2025),2025,1,4
859,Ganguly S. (2025),2025,0,0
861,He C. (2025),2025,0,5
865,Reddy N.C.M. (2025),2025,0,0
866,Le N. (2025),2025,0,0
867,Nazari R. (2025),2025,1,20
868,Zhang Z. (2025),2025,0,7
870,Rodriguez C. (2025),2025,0,0
877,Savitha G. (2025),2025,1,4
879,Joseph A. (2025),2025,0,1
882,Abbas S. (2025),2025,0,1
884,Chauhan B.V.S. (2025),2025,0,1
885,Ambarkar B. (2025),2025,0,1
886,Chandra N. (2025),2025,0,3
887,Kumar R. (2025),2025,0,0
889,Zhao Z. (2025),2025,1,4
890,Madhusudhan Reddy M. (2025),2025,0,0
894,Shirwaikar R. (2025),2025,0,3
895,Zhang W. (2025),2025,0,17
897,Zhao Q. (2025),2025,1,4
898,Chauhan B.V.S. (2025),2025,0,0
899,Akshay S. (2025),2025,0,0
900,Pandey P. (2025),2025,0,0
904,Chen Y. (2025),2025,1,4
906,Shu H. (2025),2025,0,4
907,Sun C. (2025),2025,1,7
910,Inyang S. (2025),2025,2,5
911,Siddharth S. (2025),2025,0,1
913,Indrakumara T.V. (2025),2025,0,0
914,Sonmez N. (2025),2025,0,1
915,Setijadi Prihatmanto A. (2025),2025,0,10
916,Vedrtnam A. (2025),2025,0,1
917,Wang Y. (2025),2025,1,2
918,Jiang X. (2025),2025,0,4
919,Sener A. (2025),2025,0,0
923,Moreno Gonzalez C.L. (2025),2025,0,5
925,Guo Q. (2025),2025,3,26
926,Yang H. (2025),2025,0,0
927,Bhonde S.B. (2025),2025,0,0
933,Siri M.M. (2025),2025,0,0
935,Shukla P. (2025),2025,1,5
936,Hafsa N.E. (2025),2025,0,4
937,Zheng J. (2025),2025,0,4
943,Hu D. (2025),2025,0,0
947,Singh S.P. (2025),2025,0,1
948,Han Y. (2025),2025,0,7
949,Bera S. (2025),2025,0,4
950,Sharma A. (2025),2025,0,0
951,Reddy G.M.V. (2025),2025,0,1
954,Jeba S.M. (2025),2025,0,3
956,He C. (2025),2025,0,0
957,Xie Z. (2025),2025,0,4
958,Hamid H. (2025),2025,0,4
959,Kulkarni S.S. (2025),2025,1,1
960,Wang J. (2025),2025,0,0
962,Zhang H. (2025),2025,0,0
966,Ruiz-Diaz J. (2025),2025,0,1
968,Sun K. (2025),2025,1,1
969,Prakash N. (2025),2025,0,0
971,Dong A. (2025),2025,0,0
972,Addison L.M. (2025),2025,0,0
973,Pan X. (2025),2025,0,0
978,Han Z. (2025),2025,0,2
979,Nishat F.Z. (2025),2025,0,5
980,Saquella S. (2025),2025,0,0
983,Jiao Y. (2025),2025,0,0
986,Menon V. (2025),2025,1,7
988,Saleem M. (2025),2025,0,0
989,Asim Saleem M. (2025),2025,0,9
994,Chitteti C. (2025),2025,2,2
995,Amerthen S. (2025),2025,0,0
996,Yin Z. (2025),2025,0,11
997,De Santo M. (2025),2025,0,0
999,Huang H. (2025),2025,0,6
1001,Selvakumaran S. (2025),2025,0,3
1004,Mathumathi M. (2025),2025,0,1
1005,Angin C. (2024),2024,0,1
1007,Wanigarathna N. (2025),2025,0,6
1008,Mu G. (2025),2025,0,12
1011,Pyakurel A. (2024),2024,3,22
1013,Musaoglu N. (2025),2025,0,1
1015,Yu B. (2025),2025,0,2
1016,Schwarz K. (2024),2024,0,4
1017,Pitakaso R. (2025),2025,0,0
1018,Chandu H.S. (2025),2025,0,0
1019,Drogkoula M. (2025),2025,0,0
1021,Talreja P.V. (2025),2025,0,0
1022,Pecheti S.T. (2025),2025,0,1
1024,Dos M.E. (2025),2025,0,1
1025,Elik F. (2025),2025,0,0
1028,Daryal U. (2025),2025,0,3
1032,Mahesh R. (2025),2025,0,0
1038,Karimi E. (2025),2025,0,0
1039,Tika N. (2025),2025,0,3
1043,Veedu J.T. (2024),2024,0,0
1045,Song W. (2025),2025,1,18
1047,Hou Y. (2024),2024,0,6
1049,Sebbio S. (2025),2025,0,0
1050,Ekkazan C. (2025),2025,1,7
1052,Vivek B.K. (2025),2025,0,0
1056,Prasertsoong N. (2025),2025,0,8
1057,Akdagli E. (2025),2025,0,0
1058,Adiwinoto R. (2025),2025,0,0
1061,Woldmariam M.F. (2025),2025,0,0
1062,Florian-Pacheco W. (2025),2025,0,0
1063,Ashikuzzaman M. (2025),2025,1,4
1072,Astarita V. (2025),2025,0,1
1078,Hamid M.A.B. (2025),2025,0,3
1080,Shan S. (2025),2025,0,22
1082,Nagaiah K. (2024),2024,0,11
1085,Hou J. (2025),2025,0,0
1092,Gu T. (2025),2025,2,59
1094,Tedjosaputro M. (2025),2025,0,0
1097,Ahamed S.F. (2025),2025,0,0
1098,Alam G.M.I. (2025),2025,1,10
1100,Polushko V. (2025),2025,0,0
1103,Adesokan A. (2025),2025,0,5
1104,Kumar N. (2025),2025,0,0
1105,Khin E.E. (2025),2025,0,0
1106,Vijay Sai R. (2025),2025,0,0
1108,Sanjana B. (2025),2025,0,1
1110,Kannan S. (2025),2025,0,0
1111,Battina M.R. (2025),2025,0,0
1112,Shiori K. (2025),2025,0,0
1115,Mostofi S. (2025),2025,0,8
1117,Al-Mulla Y. (2025),2025,0,1
1120,Rao W. (2025),2025,1,1
1123,Hammadi D.S. (2025),2025,0,2
1124,Wang Q. (2025),2025,0,4
1125,Jia W. (2025),2025,0,3
1127,Guo W. (2024),2024,0,17
1130,Karunanithy K. (2025),2025,0,1
1133,Garg S. (2024),2024,5,46
1138,Zhang Z. (2025),2025,0,2
1139,Cao G. (2025),2025,0,0
1140,Geng H. (2025),2025,0,1
1144,Thota J.R. (2024),2024,1,9
1146,Martino G. (2025),2025,0,0
1147,David A.O. (2024),2024,0,7
1148,Manzini T. (2025),2025,1,2
1150,Sai D.H. (2025),2025,0,0
1152,Sameed S.M. (2025),2025,0,0
1154,Qadir M.A. (2025),2025,0,6
1155,Ramya D. (2025),2025,0,0
1161,Salman R. (2025),2025,0,0
1162,Loukili Y. (2025),2025,0,6
1164,Shi L. (2025),2025,0,6
1168,Ebrahimi A. (2025),2025,0,0
1169,Kuchinski V. (2025),2025,0,1
1170,Janani B. (2025),2025,0,1
1172,Selvam A.P. (2025),2025,1,39
1176,Li X. (2025),2025,0,0
1177,Djenouri Y. (2025),2025,0,0
1179,Khan D. (2025),2025,2,27
1181,Gupta N. (2025),2025,0,4
1185,Dyken L. (2025),2025,1,2
1186,Fan Z. (2025),2025,0,4
1187,Yao L. (2025),2025,0,1
1189,Kim B. (2025),2025,0,1
1191,Ul Islam M.S. (2025),2025,0,0
1193,Bhattarai Y. (2024),2024,2,11
1197,Chandra N. (2025),2025,0,2
1201,Feng D.-C. (2024),2024,2,25
1209,Chen X. (2025),2025,0,0
1210,Tyagi M. (2024),2024,0,10
1212,Thirugnanasammandamoorthi P. (2025),2025,0,3
1213,Kemmannu P.K. (2025),2025,0,0
1214,Tripathy P. (2025),2025,0,0
1215,Prabhu R. (2025),2025,0,0
1216,Plumridge M. (2025),2025,0,2
1219,Kumar M.S. (2025),2025,0,0
1220,Li J. (2024),2024,0,17
1221,Verma S. (2025),2025,0,2
1222,Ma X. (2025),2025,0,1
1223,Arab M. (2025),2025,0,0
1224,Chen W. (2024),2024,0,5
1226,Kopiika N. (2025),2025,0,0
1227,Alla L.R. (2025),2025,0,2
1234,Zhao C. (2025),2025,0,0
1235,Dubey P. (2025),2025,0,0
1237,Tsubouchi K. (2025),2025,0,0
1240,Fu X. (2025),2025,0,0
1242,Ravi Kumar M. (2025),2025,0,0
1250,Thuan T.Q. (2025),2025,0,0
1252,Kizilay F. (2024),2024,1,16
1253,Jiang J. (2024),2024,1,4
1254,Basu A. (2025),2025,0,0
1257,Abdalzaher M.S. (2025),2025,2,3
1259,He Y. (2024),2024,1,2
1262,Singh D. (2025),2025,0,0
1266,Bania A. (2025),2025,0,0
1267,Wang C.-H. (2025),2025,0,0
1272,Stefanowska E. (2025),2025,0,0
1283,Guo J. (2025),2025,0,3
1285,Barrile V. (2024),2024,0,2
1286,Adhikari S. (2025),2025,1,1
1287,Lin H. (2024),2024,3,11
1289,Acanga A. (2025),2025,0,0
1291,Singh D.K. (2025),2025,0,3
1292,Banerjee S. (2025),2025,0,0
1294,Wang P. (2025),2025,0,4
1295,Majumdar S. (2025),2025,0,2
1302,DOAN T.N. (2025),2025,0,1
1308,Kaur A. (2025),2025,0,0
1310,Xu C. (2025),2025,0,1
1311,Yang Y. (2025),2025,0,0
1312,Zhang Y. (2025),2025,0,0
1319,Nimbarte N. (2025),2025,0,0
1320,Mishra P. (2025),2025,0,2
1322,Sakthi U. (2025),2025,0,0
1324,Biswas D. (2025),2025,0,0
1325,Chang Y.-C. (2025),2025,0,1
1327,Winarsih N.A.S. (2025),2025,0,1
1330,Jain R. (2025),2025,0,2
1332,Fatima N. (2025),2025,0,0
1335,Shirwaikar R. (2025),2025,0,0
1337,Zhang C. (2025),2025,0,0
1340,Zuo P. (2025),2025,0,4
1341,Sodhi N.S. (2025),2025,0,0
1343,Dang T.Q. (2025),2025,0,8
1346,Wibowo A. (2025),2025,0,10
1347,Khan Z. (2025),2025,1,5
1352,Calle Muller C. (2024),2024,0,16
1353,Kumar D. (2025),2025,0,0
1354,Ma W. (2025),2025,1,9
1355,Murthy D. (2025),2025,1,3
1357,He Y. (2024),2024,0,1
1361,Audytra H. (2025),2025,0,0
1367,Pedro J.F. (2025),2025,0,0
1368,Gao S. (2025),2025,1,13
1369,Notarangelo N. (2025),2025,2,12
1372,Wu Z. (2025),2025,0,1
1377,Arya R. (2025),2025,0,0
1379,Thanyawet N. (2025),2025,0,0
1380,Tang K. (2025),2025,0,0
1384,Dhanya S. (2025),2025,0,0
1387,Dhiman H. (2025),2025,0,0
1388,Lin R. (2025),2025,0,0
1394,Nayanathara R.P.T. (2025),2025,0,0
1397,Mishra R. (2025),2025,0,0
1399,Sirisha U. (2025),2025,0,5
1401,Zhang Y. (2024),2024,0,1
1402,Mondal G. (2025),2025,0,2
1404,Ajay A. (2025),2025,0,0
1405,Simm G. (2025),2025,0,0
1406,Doan T.-N. (2025),2025,1,12
1407,Song M. (2025),2025,0,1
1408,Ahmed V. (2025),2025,0,0
1410,Thazhath Veedu J. (2025),2025,0,0
1412,Guclu E. (2025),2025,0,1
1414,Rai P. (2025),2025,0,0
1419,Yang H. (2025),2025,0,6
1422,Amiran A. (2024),2024,0,7
1425,Sathianarayanan M. (2025),2025,0,0
1427,Vimala J. (2025),2025,0,1
1430,Diehr J. (2025),2025,0,11
1431,Liu J. (2025),2025,2,17
1433,Gholami F. (2024),2024,0,2
1442,Hardiman-Mostow H. (2025),2025,0,0
1443,Konrad P.M. (2025),2025,0,1
1444,Debnath J. (2024),2024,0,7
1445,Rahman S. (2024),2024,2,14
1448,Shanker S. (2025),2025,0,0
1449,Al-Shamrani S.H. (2025),2025,0,0
1451,Kumar R. (2024),2024,0,4
1452,Ye J. (2025),2025,0,1
1455,Hussaine S.M. (2025),2025,2,5
1456,Kumar B.V. (2025),2025,0,0
1459,Zhu M. (2025),2025,0,1
1464,Zhang X. (2025),2025,0,4
1465,Alotaibi E. (2024),2024,1,130
1466,Singh S.S. (2025),2025,0,1
1468,Yan Q. (2025),2025,0,0
1472,Hamid H. (2025),2025,0,3
1475,Brevus V. (2025),2025,0,0
1477,Dinesh S. (2025),2025,0,0
1479,Tsutsumida N. (2025),2025,0,1
1480,Huang J. (2024),2024,0,10
1484,Priyadharshini L. (2024),2024,0,4
1485,Yousefi Z. (2025),2025,0,0
1487,Wang J. (2024),2024,1,22
1488,Drobnjak S. (2025),2025,0,0
1492,Pimpalkar A. (2025),2025,0,0
1494,Islam M.M. (2025),2025,0,0
1495,Yazdani M. (2025),2025,0,16
1496,Kasturi N. (2024),2024,0,2
1497,Nakano S. (2025),2025,0,0
1500,Ming D. (2024),2024,0,0
1501,Cheng C.-S. (2024),2024,0,8
1504,Albahri A.S. (2024),2024,21,230
1505,Samadi S. (2024),2024,2,4
1506,Nguyen Van L. (2024),2024,0,5
1507,Zhou Z. (2024),2024,0,9
1510,Akhyar A. (2024),2024,13,97
1513,Kuradusenge M. (2024),2024,0,1
1514,Gao Z. (2024),2024,0,1
1519,Santhi V. (2024),2024,0,3
1520,Yu C. (2024),2024,1,9
1522,Li W. (2024),2024,3,9
1523,Lee G.Y. (2024),2024,0,21
1524,Akinboyewa T. (2024),2024,4,33
1526,Singha C. (2024),2024,3,44
1527,AlAli Z.T. (2024),2024,1,9
1528,Wiguna S. (2024),2024,1,3
1529,Pham T.M. (2024),2024,1,6
1532,Shetty H. (2024),2024,0,0
1533,Rai A.K. (2024),2024,1,15
1535,Peng J. (2024),2024,6,21
1536,Chang M. (2024),2024,3,13
1537,Shafik W. (2024),2024,0,4
1539,Bhatta S. (2024),2024,0,2
1540,Jiang W. (2024),2024,0,28
1541,Kesavan H. (2024),2024,1,10
1545,Yang S. (2024),2024,5,55
1546,Wang X. (2024),2024,3,19
1549,Maharjan M. (2024),2024,4,22
1556,Chen M. (2024),2024,1,17
1557,Chandra N. (2024),2024,3,24
1559,Karampotsis E. (2024),2024,2,10
1565,Zhang A. (2024),2024,1,10
1566,Abba S.I. (2024),2024,0,5
1567,Krishna D.S. (2024),2024,2,20
1568,Feng X. (2024),2024,2,19
1569,Li P. (2024),2024,6,45
1570,Ghosh B. (2024),2024,10,35
1572,Li C. (2024),2024,0,24
1573,Abdalzaher M.S. (2024),2024,4,33
1577,Ibrahim S.P.S. (2024),2024,0,3
1578,Saleh T. (2024),2024,7,32
1580,Rezvani S.M. (2024),2024,3,21
1581,Zheng E. (2024),2024,0,3
1584,Sun Q. (2024),2024,1,3
1585,Melati D.N. (2024),2024,2,18
1587,Xiong Q. (2024),2024,0,17
1589,A. Saleh R. (2024),2024,0,18
1590,Naito S. (2024),2024,0,0
1591,Patil S.C. (2024),2024,0,0
1594,Tran T.X. (2024),2024,2,6
1597,Ren F. (2024),2024,1,3
1598,Di Bacco M. (2024),2024,0,3
1599,Wang X. (2024),2024,0,14
1601,Deng A.A.N. (2024),2024,0,14
1603,Xie Y. (2024),2024,2,62
1605,Liang R. (2024),2024,1,18
1606,Liu Q. (2024),2024,0,5
1607,Singh R. (2024),2024,1,18
1609,Beibei L. (2024),2024,0,5
1610,Wang J. (2024),2024,1,16
1611,Bashir M.H. (2024),2024,2,44
1613,Zhu H. (2024),2024,0,11
1614,Wang N. (2024),2024,3,68
1615,Zhao H. (2024),2024,3,23
1617,Zhao Y. (2024),2024,2,11
1618,Yin P. (2024),2024,1,3
1619,Selvanayaki S. (2024),2024,2,2
1621,Yang L. (2024),2024,0,43
1622,Shamsuzzoha M. (2024),2024,0,10
1623,Sodeinde O.R. (2024),2024,2,4
1624,Pan X. (2024),2024,0,1
1625,Ma K. (2024),2024,2,23
1626,Jiang J. (2024),2024,1,41
1627,Li W. (2024),2024,0,8
1630,Arpitha G.A. (2024),2024,0,7
1636,Singh C.R. (2024),2024,3,33
1637,Khan M.A. (2024),2024,0,11
1638,Hernanto H.A. (2024),2024,0,1
1639,Huangfu W. (2024),2024,2,13
1641,Panfilova T. (2024),2024,3,32
1642,Ochiai K. (2024),2024,0,2
1643,Han X. (2024),2024,0,21
1644,Xu Z. (2024),2024,0,7
1645,Varlas G. (2024),2024,0,3
1646,Abraham K. (2024),2024,2,7
1647,Sener A. (2024),2024,4,22
1648,Garg A. (2024),2024,0,9
1650,McNally S. (2024),2024,0,2
1652,Qin G. (2024),2024,0,2
1653,Sonet M.S. (2024),2024,0,12
1654,Li H. (2024),2024,0,3
1655,Sathya D. (2024),2024,1,4
1656,Amitrano D. (2024),2024,22,166
1657,Adhikari S. (2024),2024,0,1
1658,Godara N. (2024),2024,0,1
1660,Van L.N. (2024),2024,2,26
1663,Yasi E. (2024),2024,6,12
1664,Thota J.R. (2024),2024,1,2
1667,Dar S.S. (2024),2024,1,9
1668,Lin P. (2024),2024,3,16
1670,Farhadi H. (2024),2024,1,23
1671,Sun L. (2024),2024,0,17
1672,Devi C.M. (2024),2024,0,4
1673,Alamsyah S.E. (2024),2024,0,3
1674,Satishkumar D. (2024),2024,0,0
1677,Bania A. (2024),2024,1,7
1678,Xi L. (2024),2024,6,25
1680,Bhatta S. (2024),2024,1,17
1683,Ma Y. (2024),2024,8,378
1684,Zarski M. (2024),2024,1,4
1685,Papyan N. (2024),2024,4,64
1686,Anh N.D. (2024),2024,0,0
1688,Giri K.S.V. (2024),2024,1,13
1689,Chandra R. (2024),2024,3,9
1690,Lin S. (2024),2024,2,8
1691,Qiao H. (2024),2024,0,2
1692,Shu B. (2024),2024,0,15
1694,Zhang H. (2024),2024,0,11
1696,Hu L. (2024),2024,1,6
1697,Kumaraswamy E. (2024),2024,0,0
1700,Liu Z. (2024),2024,3,35
1706,Cheraghi A. (2024),2024,0,8
1710,Firoozi A.A. (2024),2024,0,7
1711,Varsha V.R. (2024),2024,5,21
1713,Jabbar M.A. (2024),2024,0,0
1714,Zhou H. (2024),2024,0,7
1717,Zhao J. (2024),2024,1,17
1719,Yang J. (2024),2024,2,20
1721,Estevao J.M.C. (2024),2024,2,19
1725,Boroujeni S.P.H. (2024),2024,8,146
1726,Shivarudrappa H.R. (2024),2024,0,1
1727,Hacefendioglu K. (2024),2024,0,9
1731,Qin H. (2024),2024,5,94
1732,Arunkumar R. (2024),2024,0,1
1734,Wang H. (2024),2024,5,32
1735,Soleimani R. (2024),2024,1,13
1736,Pandey S. (2024),2024,0,1
1737,Mangukiya N.K. (2024),2024,1,11
1738,Liang Z. (2024),2024,1,3
1739,Zhang A. (2024),2024,0,3
1742,Mustafa A.M. (2024),2024,7,21
1743,Fang C. (2024),2024,7,42
1747,Tsai F.J. (2024),2024,2,3
1751,Chandra N. (2024),2024,1,13
1752,Rana V.K. (2024),2024,1,6
1753,Lee C.-C. (2024),2024,0,10
1756,Mohammed S. (2024),2024,0,34
1757,Wu L. (2024),2024,1,21
1760,Sui T. (2024),2024,1,25
1763,Manikannan K. (2024),2024,0,0
1764,Mishra S.K. (2024),2024,0,0
1771,Vaidya H. (2024),2024,0,5
1772,Tan W. (2024),2024,7,26
1774,Suarez D. (2024),2024,0,24
1776,Nguyen H.D. (2024),2024,0,9
1777,Chiguware T. (2024),2024,0,4
1779,Qiao W. (2024),2024,1,20
1782,Yang Y. (2024),2024,0,4
1785,Saleem M.R. (2024),2024,0,8
1786,Nab A.W. (2024),2024,0,8
1790,Kishore F. (2024),2024,1,1
1792,Chamatidis I. (2024),2024,3,21
1797,Wei R. (2024),2024,1,14
1799,Xu Q. (2024),2024,2,21
1800,Yu M. (2024),2024,0,4
1804,Ho Ro S. (2024),2024,1,19
1806,Blomeier E. (2024),2024,6,23
1807,Danish M.U. (2024),2024,0,5
1809,Wu L. (2024),2024,6,27
1810,Cheng Q. (2024),2024,1,22
1811,Chen X. (2024),2024,2,15
1812,Jia S. (2024),2024,1,11
1813,Hacefendioglu K. (2024),2024,0,29
1816,Saha A. (2024),2024,7,38
1817,Bharti S. (2024),2024,0,1
1818,Muksimova S. (2024),2024,0,4
1820,Zhang S. (2024),2024,0,8
1822,Li Z. (2024),2024,0,6
1823,Li Z. (2024),2024,3,19
1824,Ahmed I. (2024),2024,3,30
1825,Astarita V. (2024),2024,2,48
1827,Ozdemir S. (2024),2024,0,0
1830,Zhang X. (2024),2024,2,39
1831,Arora G. (2024),2024,0,2
1832,Abd Rabuh A. (2024),2024,0,3
1833,Nehete P.U. (2024),2024,3,9
1834,Hu X. (2024),2024,1,10
1835,Deborah N. (2024),2024,0,2
1836,Gupta T. (2024),2024,0,10
1837,Choi I.-H. (2024),2024,0,2
1838,Di Luccio D. (2024),2024,0,4
1839,Cheng C.-S. (2024),2024,3,21
1840,Guo J. (2024),2024,0,29
1843,Saini M. (2024),2024,1,6
1844,Revathy J.S. (2024),2024,0,2
1845,Akinsoji A.H. (2024),2024,2,19
1846,Abraham K. (2024),2024,6,31
1848,Liu Z. (2024),2024,0,12
1849,Huang B. (2024),2024,7,29
1850,Faiz T.I. (2024),2024,2,54
1851,Cian F. (2024),2024,2,22
1852,Bai Z. (2024),2024,3,16
1853,Sharma N. (2024),2024,11,120
1855,Albanwan H. (2024),2024,0,28
1857,Li C. (2024),2024,2,15
1859,Zhang S. (2024),2024,0,9
1863,Ouaissa M. (2024),2024,1,3
1869,Sener A. (2024),2024,5,23
1870,Lindenschmidt K.-E. (2024),2024,0,3
1871,Hamdi S. (2024),2024,0,0
1872,Kulinan A.S. (2024),2024,2,21
1875,Sathianarayanan M. (2024),2024,6,38
1876,Sun Y. (2024),2024,2,16
1877,Jin H. (2024),2024,1,9
1879,Kow P.-Y. (2024),2024,0,46
1883,Tasnuva A. (2024),2024,0,11
1885,Zhu X. (2024),2024,8,54
1886,Wieland M. (2024),2024,0,0
1887,Debata S. (2024),2024,3,9
1888,Li Y. (2024),2024,0,8
1889,Yazdani M. (2024),2024,2,21
1892,Wang Y. (2024),2024,2,32
1893,Li C.-D. (2024),2024,0,4
1895,Allegri E. (2024),2024,0,22
1896,Yu J. (2024),2024,0,17
1898,Al Shafian S. (2024),2024,9,74
1899,Jahanbani M. (2024),2024,6,43
1900,Li L. (2024),2024,1,6
1901,Xie R. (2024),2024,0,3
1903,Zhang X. (2024),2024,1,6
1904,Zou Y. (2024),2024,0,14
1907,Ren M. (2024),2024,0,6
1908,Luo H. (2024),2024,1,6
1910,Soomro S.-E.-E. (2024),2024,2,29
1913,Li X. (2024),2024,0,1
1914,Chen L. (2024),2024,2,11
1915,Cao Q.D. (2024),2024,0,5
1916,Md.Sharafat C. (2024),2024,0,77
1917,Yan Z. (2024),2024,12,67
1920,Akcin H. (2024),2024,0,4
1921,Subha J. (2024),2024,0,2
1922,Kappi M. (2024),2024,4,16
1924,Dong L. (2024),2024,0,6
1925,Liu J. (2024),2024,4,8
1926,Lu W. (2024),2024,1,4
1927,Halder B. (2024),2024,0,6
1928,Selvakumar P. (2024),2024,0,8
1930,Leggesse E.S. (2024),2024,1,6
1931,Ozen F. (2024),2024,2,13
1932,Peters S. (2024),2024,1,16
1933,Yang C. (2024),2024,1,11
1934,Saeed U. (2024),2024,3,11
1936,Shianios D. (2024),2024,2,14
1939,Garzon J.L. (2024),2024,0,12
1940,Kulkarni R.V. (2024),2024,0,0
1945,Zhang H. (2024),2024,0,20
1947,Hou H. (2024),2024,6,20
1948,Kim J.-M. (2024),2024,0,9
1950,Huang F. (2024),2024,9,52
1952,Braik A.M. (2024),2024,13,54
1955,Yesilbas B. (2024),2024,0,0
1956,Shaik R.K. (2024),2024,0,3
1962,Gu J. (2024),2024,6,33
1964,Ezhilarasan D. (2024),2024,0,0
1965,Wang L. (2024),2024,2,14
1966,Yu T. (2024),2024,0,20
1968,Xu W. (2024),2024,0,11
1969,Yananto A. (2024),2024,0,7
1970,Yao J. (2024),2024,0,18
1971,Satishkumar D. (2024),2024,1,4
1972,Zeng Y.-F. (2024),2024,8,32
1973,Scorzini A.R. (2024),2024,3,9
1974,Hong H. (2024),2024,4,38
1975,Liu Z. (2024),2024,2,25
1977,Subburaj J. (2024),2024,1,3
1978,Cheng G. (2024),2024,3,28
1979,Widya L.K. (2024),2024,3,24
1981,Kong L. (2024),2024,0,6
1984,Jangid P.K. (2024),2024,0,3
1985,Biswas S. (2024),2024,4,23
1990,Parvanov S. (2024),2024,0,0
1991,Tang J. (2024),2024,4,21
1992,Zhang Y. (2024),2024,0,13
1993,Wu H. (2024),2024,0,15
1995,Prianes F. (2024),2024,0,0
1996,Xu L. (2024),2024,2,27
1999,Chen Z. (2024),2024,1,11
2000,Teoh J. (2024),2024,1,13
2001,Rahnemoonfar M. (2023),2023,12,100
2003,Early J. (2023),2023,0,1
2004,Kang C. (2023),2023,0,21
2005,Sdraka M. (2024),2024,0,12
2007,Miao F. (2023),2023,2,77
2008,Abdalzaher M.S. (2023),2023,8,71
2010,Al-Rajab M. (2024),2024,0,5
2012,Sharma A. (2024),2024,0,1
2013,Yu H. (2023),2023,2,9
2016,Razavi-Termeh S.V. (2023),2023,3,68
2017,Vignesh M. (2024),2024,1,2
2018,Wu W. (2024),2024,0,5
2020,Zhang H. (2023),2023,1,18
2031,Kanth R.K. (2024),2024,0,0
2034,Bekkaye J.H. (2023),2023,2,6
2035,Reis H.C. (2023),2023,3,81
2037,Huang Y. (2023),2023,2,29
2043,Kumari N. (2024),2024,1,1
2044,Liu J. (2023),2023,3,16
2047,Zhang J. (2023),2023,0,14
2048,Thirugnanasammandamoorthi P. (2024),2024,0,0
2050,Kaur N. (2023),2023,18,81
2055,Kumar C. (2024),2024,0,2
2056,Huang Y. (2024),2024,5,32
2057,Piadeh F. (2023),2023,2,50
2058,Adriano B. (2023),2023,2,5
2059,Yuwono B.D. (2024),2024,0,2
2060,Mittal B. (2024),2024,1,2
2061,Chen Y. (2023),2023,1,51
2064,Wei J. (2024),2024,0,1
2067,Wei R. (2023),2023,11,40
2068,Parasher S. (2024),2024,1,2
2069,Seng N.L.K. (2024),2024,0,0
2071,Wang X. (2024),2024,0,3
2073,Wen H. (2023),2023,2,13
2074,Kalafatis A. (2024),2024,0,2
2075,Sinha R.K. (2024),2024,3,14
2076,Adriano B. (2024),2024,0,0
2078,Karimiziarani M. (2023),2023,14,69
2079,Sundriyal Y. (2024),2024,0,7
2080,Islam A.M. (2023),2023,2,23
2083,Shastry A. (2023),2023,10,103
2084,Edinc E.B. (2024),2024,0,3
2088,Thekdi S. (2023),2023,2,32
2090,Sanderson J. (2023),2023,1,29
2095,Chen L. (2024),2024,2,23
2096,Qiao W. (2024),2024,1,9
2098,Ge J. (2023),2023,2,8
2099,Sheehan B. (2023),2023,3,23
2100,Dhar S. (2024),2024,0,2
2102,Ghimire S. (2023),2023,1,7
2103,Luo Y. (2024),2024,0,0
2105,Li W. (2024),2024,0,0
2107,Thaha M.M. (2024),2024,0,0
2108,Lin Q. (2024),2024,1,15
2113,Gao L. (2023),2023,0,10
2118,Asadi A. (2024),2024,3,14
2123,Ochiai K. (2023),2023,0,1
2124,Ramdhani T.I. (2024),2024,0,0
2125,Aydin I. (2024),2024,0,2
2127,Qiu K. (2024),2024,0,0
2128,Sirry J. (2024),2024,0,3
2130,Ding Y. (2023),2023,0,4
2131,Patel H. (2024),2024,0,0
2132,Sangeetha M. (2024),2024,0,4
2134,Ahmed B. (2023),2023,0,9
2137,Prashar N. (2023),2023,3,66
2140,Nair V.G. (2024),2024,0,11
2144,Kabir H. (2023),2023,1,5
2145,Rocha B.O. (2024),2024,0,2
2148,Xia H. (2023),2023,13,59
2149,Bukhari M.H. (2023),2023,1,32
2150,Khan S.M. (2023),2023,15,148
2151,Verma G. (2024),2024,0,2
2152,Chen Y. (2023),2023,0,9
2156,Jain T. (2024),2024,0,4
2162,Benedict R. (2024),2024,0,1
2164,Bouabid M. (2024),2024,0,4
2165,Islam M.A. (2023),2023,12,49
2167,Addison L. (2024),2024,1,2
2168,Hummer C. (2024),2024,0,2
2170,Hu X. (2024),2024,0,7
2175,Coopen A. (2024),2024,0,3
2176,Wiguna S. (2024),2024,8,29
2179,Afrin T. (2023),2023,2,9
2180,Blay J. (2024),2024,0,4
2181,Vaddiraju S.C. (2023),2023,1,18
2182,Wang H. (2024),2024,1,5
2185,Ramadhan M.M.L. (2024),2024,1,8
2186,Chang M. (2023),2023,1,14
2190,Moreno-Ibarra M. (2024),2024,0,9
2192,Liu Z.-L. (2023),2023,0,2
2193,Zhang W. (2023),2023,2,25
2194,Portillo A. (2023),2023,1,20
2197,Nasrin T. (2023),2023,2,12
2199,Chen L. (2024),2024,2,10
2204,Jin Y. (2023),2023,0,4
2205,Fujita S. (2024),2024,0,0
2206,Wang Z. (2023),2023,4,17
2209,Demir N. (2024),2024,0,1
2210,Luu C. (2023),2023,2,32
2213,Mathumathi M. (2024),2024,0,3
2215,Liao Y. (2023),2023,12,121
2221,Baloch F. (2023),2023,0,0
2229,Kantarcioglu O. (2023),2023,2,39
2231,van Steenbergen R. (2023),2023,3,35
2232,Ishibashi H. (2024),2024,0,21
2233,AbdelAziz N.M. (2024),2024,0,15
2236,Apostol E.-S. (2024),2024,1,60
2241,Fan X. (2023),2023,2,25
2244,Atsa'am D.D. (2023),2023,0,7
2246,Jain S. (2024),2024,1,2
2249,Ragu Ramalingam N. (2024),2024,0,0
2252,Puthran R. (2024),2024,0,6
2256,Song Z. (2024),2024,0,19
2257,Wan X. (2023),2023,0,8
2259,Vignesh U. (2024),2024,0,0
2261,Dabrowska J. (2023),2023,2,73
2263,Fawakherji M. (2024),2024,0,1
2269,Martinis S. (2024),2024,0,2
2270,Wang H. (2024),2024,1,9
2272,Zander K.K. (2023),2023,1,24
2273,Maheswari E.A.P. (2024),2024,0,4
2274,Chen X. (2024),2024,1,18
2275,Liu J. (2023),2023,1,26
2277,Wei R. (2023),2023,1,12
2280,Gambito M.A. (2024),2024,0,1
2281,Kanungo S. (2023),2023,0,2
2283,Wardhani T.P.M. (2024),2024,0,0
2288,Wee G. (2023),2023,0,14
2289,Mahajan D. (2024),2024,0,1
2292,Kumar M.J. (2024),2024,1,1
2296,Zhao Q. (2024),2024,0,6
2297,Sundarapandi A.M.S. (2023),2023,2,4
2298,Yang Y. (2024),2024,10,65
2300,Ren Z. (2024),2024,2,10
2304,Varshit N.C. (2024),2024,0,0
2305,Qin Z. (2023),2023,4,19
2306,Sultana N. (2024),2024,0,0
2311,More N. (2024),2024,0,0
2312,Ahmadi S.A. (2024),2024,4,25
2313,Yang H. (2024),2024,0,0
2315,Hu J. (2023),2023,0,10
2316,Gao M. (2023),2023,0,0
2317,Ramana J.V. (2024),2024,0,1
2323,Cao W.-G. (2023),2023,4,18
2325,I. Volke M. (2024),2024,0,5
2327,Saleh T. (2023),2023,1,4
2329,Hoang D.-V. (2024),2024,4,45
2331,Mawatwal M. (2024),2024,0,0
2332,Ignjatovic D. (2024),2024,0,7
2334,Garg S. (2024),2024,0,0
2336,Valsamis D. (2024),2024,0,2
2341,Parr J. (2024),2024,0,3
2343,Lu W. (2023),2023,10,50
2345,Liu Y. (2023),2023,1,16
2349,Garg A. (2023),2023,1,1
2350,Yu B. (2024),2024,0,7
2352,Liu Y. (2023),2023,0,3
2353,Zhang S. (2023),2023,1,18
2354,Hapsari N.R. (2024),2024,0,0
2355,Assaf G. (2024),2024,0,1
2357,Teja P.S. (2024),2024,0,1
2358,Yue W. (2023),2023,1,10
2360,Dong A. (2024),2024,6,47
2361,Majumder R. (2023),2023,0,16
2362,Nezhad S.K. (2023),2023,1,9
2363,Gonsoroski E. (2023),2023,0,9
2364,Portales-Julia E. (2023),2023,8,37
2366,Xu Z. (2023),2023,2,8
2368,Shrote P. (2024),2024,1,5
2371,Velev D. (2023),2023,13,50
2372,Zhou X. (2024),2024,0,30
2373,Joshi R. (2024),2024,0,4
2376,Carnevale L. (2023),2023,2,3
2378,Lee Y.J. (2023),2023,2,12
2383,Bhatta S. (2023),2023,7,81
2384,Liu Y. (2023),2023,2,7
2385,Yue W. (2023),2023,3,52
2386,Kim D. (2024),2024,0,0
2387,Ahmed I. (2024),2024,0,2
2388,Xing Z. (2023),2023,0,3
2391,Nie Z. (2023),2023,0,5
2393,Xing Z. (2023),2023,7,86
2397,Chaparro P.A.R. (2024),2024,0,1
2398,Benmakhlouf M. (2023),2023,2,21
2399,Muzoglu N. (2023),2023,0,4
2400,Kantarcioglu O. (2023),2023,1,13
2403,Yar H. (2023),2023,8,133
2404,Wu L. (2023),2023,1,4
2408,Li L. (2023),2023,5,23
2409,Sukmana H.T. (2024),2024,0,4
2410,Yang Y. (2024),2024,0,4
2411,Zolkafli A. (2024),2024,2,12
2412,Rai A.K. (2023),2023,0,0
2415,Xu G. (2024),2024,0,3
2417,Lawson C.T. (2023),2023,0,6
2418,Moghadas M. (2023),2023,2,46
2423,Song M.-S. (2024),2024,0,6
2424,Zhang Y. (2023),2023,2,36
2426,Jayaraman S.K. (2023),2023,1,7
2429,Blaga B.-C.-Z. (2024),2024,0,1
2431,Kumar G.D. (2024),2024,1,9
2433,Bany Abdelnabi A.A. (2024),2024,2,29
2434,Anvitha V. (2024),2024,0,0
2437,Mathana S.K. (2024),2024,0,0
2438,Wang H. (2023),2023,3,35
2443,He Y. (2024),2024,7,45
2444,Chandra N. (2024),2024,0,0
2445,Lu S. (2023),2023,2,19
2446,He Y. (2023),2023,1,10
2447,Hamid H. (2024),2024,0,0
2448,Halder K. (2024),2024,0,13
2449,Chen B. (2024),2024,1,16
2450,Li D. (2024),2024,0,53
2452,Ofli F. (2023),2023,2,11
2453,Mihunov V.V. (2023),2023,4,10
2454,Dou Y. (2024),2024,0,0
2456,Zhai W. (2023),2023,0,10
2458,Kaimakamidis A. (2023),2023,0,0
2459,Ge J. (2024),2024,5,10
2461,Liu W. (2023),2023,0,2
2462,Sha X. (2024),2024,0,4
2463,Pandey N. (2024),2024,0,0
2464,Huang R. (2023),2023,2,20
2465,Savale V. (2024),2024,0,2
2466,Vitale A. (2023),2023,0,3
2467,Cai J. (2023),2023,4,73
2470,Dahdal S. (2024),2024,0,3
2472,Ghadge A. (2023),2023,3,25
2474,Liu C. (2024),2024,0,4
2475,Jiang S. (2024),2024,0,4
2478,Karakas C. (2024),2024,0,0
2479,Xue Z. (2023),2023,7,41
2480,Balaji S. (2024),2024,0,1
2481,Hanny D. (2024),2024,1,7
2482,Jaeyalakshmi M. (2024),2024,0,0
2484,Dai D. (2024),2024,1,25
2486,Zhang A. (2024),2024,2,20
2489,Girisha S. (2023),2023,0,0
2492,Yusri N.A. (2024),2024,1,2
2494,Li M. (2024),2024,6,35
2495,Vasanthi D. (2024),2024,1,1
2496,Bhatta S. (2024),2024,2,21
2498,Mahmud S. (2024),2024,0,5
2499,Raghunathareddy M.V. (2024),2024,0,0
2500,Wieland M. (2023),2023,0,8
2501,Zhang L. (2022),2022,4,37
2502,Kamoji S. (2023),2023,3,7
2503,Kamoji S. (2023),2023,0,3
2504,Al Duhayyim M. (2022),2022,0,16
2506,Shianios D. (2023),2023,1,7
2507,Koshy R. (2023),2023,11,58
2510,Alrayes F.S. (2022),2022,2,50
2514,Park M. (2022),2022,3,49
2516,He Y. (2023),2023,3,10
2517,Choi J. (2022),2022,1,15
2519,Wang X. (2022),2022,6,15
2520,Jackson J. (2023),2023,4,17
2522,Niu C. (2023),2023,2,10
2523,Huang Y. (2023),2023,2,11
2524,Salem M. (2023),2023,0,68
2525,Bao H. (2022),2022,2,32
2527,Garg A. (2023),2023,1,1
2528,Ofli F. (2023),2023,0,1
2529,Yu B. (2022),2022,1,12
2530,Rai A.K. (2023),2023,0,1
2533,Arooj A. (2022),2022,2,30
2534,Guha S. (2022),2022,22,104
2535,Ge J. (2023),2023,13,59
2537,Gao Z. (2022),2022,4,27
2538,Feng Y. (2022),2022,1,28
2541,Liu C. (2023),2023,0,4
2545,Abdi G. (2022),2022,3,12
2547,Alam E. (2023),2023,1,3
2549,Tariq A. (2022),2022,2,82
2550,Yang Z. (2022),2022,1,17
2551,Supriya Y. (2023),2023,4,46
2552,Halder B. (2022),2022,1,30
2553,Chen Y. (2023),2023,4,31
2554,Widjaja C.S. (2022),2022,0,0
2557,Bono C.A. (2023),2023,0,1
2558,Ullah K. (2022),2022,7,135
2560,Yu Z. (2022),2022,4,15
2564,Wang J. (2022),2022,0,14
2565,Agarwal N. (2023),2023,0,26
2566,Li C. (2023),2023,2,11
2569,Bhatta S. (2023),2023,0,1
2573,Pang G. (2022),2022,7,26
2575,Zou L. (2023),2023,0,7
2577,Hasan M.H. (2023),2023,1,35
2580,Chen B. (2022),2022,2,16
2581,Contreras D. (2022),2022,2,18
2582,Ha H. (2022),2022,2,15
2583,Akbarian H. (2022),2022,4,47
2586,Babashli B.H. (2023),2023,0,0
2588,Tian W. (2023),2023,0,15
2589,Wang C. (2023),2023,1,7
2590,Hertel V. (2023),2023,4,43
2593,Zheng X. (2023),2023,5,19
2594,Subha J. (2023),2023,1,2
2595,Shi L. (2023),2023,0,2
2597,Behera M.D. (2022),2022,4,16
2600,Tingzon I. (2023),2023,0,4
2602,Prabhu B.V.B. (2022),2022,2,31
2603,Yang H. (2022),2022,1,16
2605,Kim D. (2022),2022,4,16
2606,Nguyen L. (2022),2022,1,22
2609,Sadiq R. (2023),2023,1,5
2610,Li M. (2022),2022,2,20
2612,Ding Z. (2023),2023,1,3
2613,Nguyen D.T. (2022),2022,0,4
2614,Zheng H. (2022),2022,0,16
2615,Vatresia A. (2023),2023,0,2
2616,Chang M.-J. (2022),2022,0,7
2617,Contreras D. (2022),2022,5,35
2618,Kathiresan C. (2023),2023,3,7
2620,Karakas G. (2023),2023,2,27
2624,Xue C. (2022),2022,1,13
2631,Manimegalai R. (2023),2023,2,5
2633,Sreelakshmi S. (2022),2022,2,62
2635,Puspasari R.L. (2023),2023,3,10
2636,Sweta K. (2022),2022,1,15
2637,Fan H. (2022),2022,2,39
2639,Su H. (2022),2022,0,2
2642,Rasheed Z. (2022),2022,2,44
2646,Adriano B. (2023),2023,2,6
2647,Kurniawan K. (2023),2023,0,2
2648,Singh A. (2023),2023,4,12
2650,Krichen M. (2023),2023,7,17
2656,Munawar H.S. (2022),2022,14,164
2657,Khemaissia S. (2023),2023,0,2
2658,Mastro P. (2022),2022,3,72
2662,Ogunjinmi P.D. (2022),2022,5,55
2664,Safavi F. (2023),2023,8,39
2667,Natarajan Y. (2023),2023,1,3
2668,Tikle S. (2023),2023,0,2
2669,Karimiziarani M. (2023),2023,3,30
2670,Adriano B. (2023),2023,0,6
2671,Chandra N. (2023),2023,0,1
2672,Calton L. (2022),2022,8,27
2674,Su J.-L. (2023),2023,0,2
2675,Tulbure M.G. (2022),2022,2,66
2676,Hasanuzzaman M. (2022),2022,2,50
2678,Seydi S.T. (2023),2023,2,5
2679,Wang Y. (2022),2022,1,6
2680,Takhtkeshha N. (2023),2023,3,25
2684,Wang L. (2023),2023,6,26
2685,Linardos V. (2022),2022,69,270
2687,Putra P.K. (2023),2023,0,1
2688,Tyagi N. (2022),2022,2,2
2689,Khan S.D. (2023),2023,2,27
2690,Thangavel K. (2023),2023,0,28
2692,He X. (2023),2023,10,89
2697,Luo H. (2022),2022,0,10
2698,Francini M. (2022),2022,1,13
2699,Youssef A.M. (2022),2022,6,33
2701,Shakeel M. (2022),2022,0,14
2703,Xu Y. (2023),2023,0,6
2704,Vage S. (2023),2023,1,2
2708,Saleem S. (2023),2023,0,6
2709,Jain H. (2023),2023,7,36
2710,Faisal M.R. (2022),2022,1,11
2714,Adhikari S. (2022),2022,5,5
2715,Hou J. (2023),2023,0,4
2716,Arapostathis S.G. (2023),2023,0,0
2717,Liu Z. (2022),2022,4,46
2718,Hanji B.R. (2023),2023,1,7
2719,Lv P. (2023),2023,19,83
2720,Youssef A.M. (2023),2023,0,37
2721,Kim S.S. (2022),2022,3,13
2723,Su Y. (2022),2022,0,21
2725,Qing Y. (2022),2022,18,123
2726,Samuel S. (2023),2023,0,2
2729,Dong A. (2023),2023,3,37
2730,Sun X. (2022),2022,0,19
2732,Gewali V. (2023),2023,0,3
2735,Chen X. (2023),2023,8,33
2739,Rahman T. (2023),2023,1,14
2740,Chen T.Y. (2022),2022,0,1
2742,Kwak T. (2023),2023,0,0
2744,Rusk J. (2022),2022,7,112
2746,da Costa T.A.G. (2022),2022,1,19
2751,Eslaminezhad S.A. (2022),2022,4,55
2752,Rezk M. (2023),2023,5,20
2754,Thankappan J. (2023),2023,1,9
2755,Ekmekcioglu O. (2022),2022,3,46
2756,Sadiq R. (2023),2023,0,3
2757,Pally R.J. (2022),2022,17,108
2758,Xiu H. (2023),2023,1,17
2759,Aghataher R. (2023),2023,0,0
2762,Alam F. (2023),2023,0,1
2764,Yadav R. (2023),2023,0,2
2765,Fujita S. (2022),2022,2,6
2766,Pedzisai E. (2023),2023,0,8
2769,Shivakumar N. (2022),2022,2,7
2770,Hu Y. (2023),2023,9,163
2771,Khajwal A.B. (2023),2023,9,59
2772,Zhang C. (2022),2022,3,12
2778,Sangeetha M. (2023),2023,0,3
2785,Tay L.-T. (2023),2023,0,2
2786,Pourghasemi H.R. (2023),2023,0,53
2787,Zhang Y. (2023),2023,5,18
2789,Abid S.K. (2023),2023,6,20
2792,Singh A. (2023),2023,1,4
2793,Le X.-H. (2023),2023,1,14
2797,Alam F. (2023),2023,16,65
2798,Lever J. (2023),2023,0,4
2799,Qin P. (2023),2023,0,3
2803,Bhoi A. (2022),2022,7,28
2806,Cao Q. (2023),2023,2,5
2807,Wang D. (2023),2023,1,24
2808,Bouchard I. (2022),2022,11,37
2809,Wang C.-Y. (2022),2022,1,42
2810,Giezendanner J. (2023),2023,1,21
2812,Yao J. (2022),2022,4,107
2813,Lokmic-Tomkins Z. (2023),2023,1,66
2814,Li B. (2022),2022,6,24
2815,J-P. Schumann G. (2023),2023,0,12
2816,Chu Y. (2022),2022,2,4
2817,Wang X. (2023),2023,1,42
2819,Bhattacharya S. (2023),2023,0,0
2821,Stricker M. (2023),2023,1,1
2822,Abdulaziz A. (2023),2023,1,2
2823,Rahnemoonfar M. (2023),2023,2,4
2824,JayaLakshmi G. (2023),2023,0,14
2825,Jung H. (2023),2023,1,9
2828,Nasrin T. (2023),2023,0,1
2829,Ganesh B. (2023),2023,1,43
2831,Abdalzaher M.S. (2022),2022,5,107
2835,Wang C. (2022),2022,2,16
2841,Dhanushree M. (2023),2023,0,5
2842,Deng G. (2022),2022,2,5
2843,Abdel-Mooty M.N. (2022),2022,2,23
2844,Huang W. (2023),2023,6,85
2845,Yang Z. (2022),2022,0,25
2847,Cetinkaya S. (2022),2022,2,9
2848,Thangavel K. (2023),2023,7,114
2849,Wang J. (2023),2023,4,7
2850,Ghosh B. (2022),2022,15,45
2851,Nugraha D.W. (2023),2023,0,0
2852,Ramesh A. (2023),2023,1,1
2855,Li P. (2023),2023,4,25
2856,Krichen M. (2023),2023,0,1
2858,Herman J. (2023),2023,1,3
2862,Wang H. (2023),2023,1,15
2866,Tian Y. (2022),2022,1,77
2867,Zhou S. (2022),2022,0,17
2868,Al-Saad M. (2023),2023,0,6
2869,Chiang J.-L. (2022),2022,0,14
2871,Chew Y.J. (2022),2022,0,24
2873,Yu B. (2022),2022,11,79
2874,Huang J. (2023),2023,1,1
2875,Lam N.S.N. (2023),2023,5,41
2878,Tavus B. (2022),2022,7,73
2879,Shafapourtehrany M. (2022),2022,3,47
2880,Zhang Y. (2023),2023,2,6
2882,Valarmathi B. (2023),2023,6,34
2885,Ong A.K.S. (2023),2023,0,13
2887,Gupta S. (2022),2022,7,104
2889,Chen X. (2023),2023,0,6
2890,Gokon H. (2023),2023,4,13
2891,Tarek M. (2023),2023,2,5
2893,Abadicio A.D.J. (2023),2023,2,3
2894,Cui L. (2023),2023,4,67
2895,Fontalis S. (2023),2023,1,6
2896,Luo M. (2023),2023,0,3
2899,Dinani S.T. (2023),2023,1,3
2901,Liu J. (2022),2022,3,37
2906,Hu L. (2023),2023,0,25
2909,Zhai W. (2022),2022,2,18
2910,Liu J. (2023),2023,3,22
2911,Kotha S. (2023),2023,0,0
2912,Zhou B. (2022),2022,17,98
2913,Chen J. (2023),2023,5,50
2920,Jakubik J. (2023),2023,1,6
2921,Yang R. (2022),2022,0,15
2922,Fatima U. (2023),2023,0,4
2924,Liu C. (2022),2022,10,44
2925,Seitzinger P. (2023),2023,1,1
2926,Wang C. (2023),2023,2,18
2927,Myrchiang D. (2023),2023,1,4
2928,Alizadeh B. (2022),2022,7,38
2929,Niu C. (2023),2023,1,7
2930,Gao J. (2022),2022,1,8
2932,Hanif M. (2023),2023,2,15
2933,Liao Y. (2023),2023,4,27
2934,Li W. (2022),2022,2,61
2938,Wang X. (2022),2022,6,85
2940,Li Y. (2022),2022,2,23
2941,Lin P. (2023),2023,2,16
2942,Lever J. (2022),2022,4,25
2946,Papadimos T. (2023),2023,3,10
2950,Kamiya M. (2022),2022,2,17
2951,Yu D. (2022),2022,7,112
2952,Asinthara K. (2023),2023,6,16
2957,Lin X. (2022),2022,1,13
2958,Yang S. (2022),2022,8,54
2961,Hu L. (2022),2022,2,12
2966,Yuan F. (2022),2022,3,47
2967,Johnson M. (2023),2023,3,15
2968,Jiang Z. (2023),2023,3,7
2969,Wieland M. (2023),2023,11,162
2970,Salem A. (2022),2022,2,21
2973,Zhao J. (2023),2023,0,21
2975,Hong Z. (2022),2022,11,37
2976,Prakash A.J. (2023),2023,0,10
2977,Zhang N. (2022),2022,2,10
2979,Abdalzaher M.S. (2023),2023,13,85
2980,Ochiai K. (2022),2022,3,4
2981,Prodhan F.A. (2022),2022,6,193
2982,Atmaja T. (2022),2022,1,6
2983,Ahmed B. (2022),2022,4,78
2984,Mohammadnazari Z. (2022),2022,2,57
2986,Kuglitsch M.M. (2022),2022,21,79
2990,Harsa H. (2023),2023,1,15
2991,Wang H. (2023),2023,1,6
2992,Vishwanath T. (2023),2023,5,16
2993,Li S. (2023),2023,4,26
2994,Amanambu A.C. (2022),2022,0,50
2995,Youssef A.M. (2022),2022,7,85
2996,Sreejith R. (2022),2022,3,21
3000,Katiyar V. (2021),2021,10,79
3001,Alam F. (2020),2020,19,67
3003,Ban Y. (2020),2020,9,243
3004,Seydi S.T. (2022),2022,2,14
3005,Bouzeraa Y. (2022),2022,0,2
3007,Zhu H. (2020),2020,2,9
3009,Abdel-Mooty M.N. (2021),2021,3,45
3010,Park J. (2020),2020,1,18
3011,Adriano B. (2021),2021,24,126
3012,Zhai W. (2020),2020,4,60
3013,Bowman J. (2021),2021,2,8
3016,Liu J. (2020),2020,2,14
3017,Aslam B. (2021),2021,1,17
3018,Xiong C. (2021),2021,1,32
3022,Yuan F. (2022),2022,0,22
3024,Kumar M.A. (2021),2021,4,27
3025,Chen J. (2021),2021,3,18
3027,Enenkel M. (2020),2020,0,42
3028,Dong J. (2020),2020,4,20
3030,Kaur M. (2022),2022,0,2
3032,Kumar V.S. (2022),2022,0,10
3034,Eliguzel N. (2020),2020,2,42
3036,Rahnemoonfar M. (2021),2021,58,305
3038,Sreelakshmi S. (2022),2022,9,28
3041,Arapostathis S.G. (2021),2021,4,24
3042,Yan X. (2021),2021,5,62
3045,Munawar H.S. (2022),2022,3,24
3050,He Y. (2022),2022,2,27
3051,Dong J. (2021),2021,8,174
3053,Fang Z. (2021),2021,15,280
3054,Maqsoom A. (2022),2022,1,11
3056,Sze Yang N.T. (2022),2022,0,5
3059,Feldmeyer D. (2020),2020,1,60
3060,Abdi G. (2021),2021,9,28
3061,Thirugnanam H. (2020),2020,7,57
3062,Liu C. (2021),2021,5,12
3063,Li Y. (2021),2021,2,52
3066,Pan J. (2021),2021,3,68
3067,Cheng C.-S. (2022),2022,1,4
3069,Zheng R. (2020),2020,0,12
3070,Towfiqul Islam A.R.M. (2021),2021,10,468
3073,Sufi F.K. (2021),2021,1,22
3075,Liu Y. (2021),2021,4,18
3076,Fan C. (2020),2020,6,63
3077,Pi Y. (2021),2021,8,78
3083,Abdul Majid M. (2021),2021,0,5
3085,Li X. (2022),2022,4,14
3086,Aparna A. (2022),2022,2,12
3088,Kejriwal M. (2021),2021,2,6
3089,Dargin J.S. (2021),2021,6,65
3090,Burak Can A. (2022),2022,0,1
3091,Kruspe A. (2021),2021,4,38
3096,Alizadeh M. (2021),2021,3,27
3097,Ahadzadeh S. (2021),2021,2,13
3098,Shi L. (2021),2021,3,34
3099,Zhai W. (2020),2020,7,46
3100,Chen P. (2020),2020,0,7
3107,Devaraj A. (2020),2020,11,62
3108,Alizadeh Kharazi B. (2021),2021,6,83
3112,Arunadevi B. (2022),2022,4,12
3115,Roy P. (2020),2020,8,191
3116,Sufi F.K. (2021),2021,3,33
3117,Munawar H.S. (2021),2021,17,141
3118,Abdi G. (2021),2021,3,13
3121,Verma U. (2022),2022,0,1
3122,Gupta T. (2020),2020,4,14
3123,He Y. (2022),2022,4,9
3124,Wang Y. (2021),2021,2,44
3125,Liu Y. (2021),2021,2,20
3126,Kainthura P. (2022),2022,6,57
3127,Hu Y. (2021),2021,9,23
3128,Wang J. (2022),2022,10,79
3129,Casado M.R. (2021),2021,0,2
3130,Li Z. (2021),2021,3,25
3132,Liang R. (2021),2021,1,24
3133,Alqhtani S.M. (2022),2022,0,1
3135,Dinh M. (2022),2022,1,2
3136,Chandrakala S. (2022),2022,2,5
3137,Feng Y. (2020),2020,13,82
3138,Jamali A. (2020),2020,3,43
3139,Fan C. (2021),2021,2,30
3140,Mishra S. (2022),2022,1,4
3141,Asami K. (2022),2022,0,7
3142,Moustafa S.S.R. (2021),2021,6,39
3145,Xiong Y. (2021),2021,2,29
3146,Drakaki M. (2022),2022,0,2
3147,Demertzis K. (2021),2021,2,17
3149,Seydi S.T. (2022),2022,5,25
3150,Liu C. (2020),2020,0,1
3152,Lazin R. (2021),2021,3,22
3153,Yigitcanlar T. (2022),2022,5,58
3154,Dereli T. (2021),2021,2,18
3155,Zou B. (2022),2022,1,5
3156,Vineeth V. (2021),2021,2,8
3157,Ramadhan M.M.L. (2021),2021,1,1
3158,Safavi F. (2021),2021,4,23
3160,Yu B. (2021),2021,8,40
3164,Mao J. (2020),2020,1,3
3165,Lin Y.-T. (2021),2021,0,1
3166,Adikari K.E. (2021),2021,10,113
3170,Xiong J. (2022),2022,0,0
3171,Mei J. (2022),2022,0,1
3173,Mudashiru R.B. (2021),2021,0,48
3174,Meghanadh D. (2021),2021,4,20
3175,Lin Q. (2020),2020,2,21
3176,Eliguzel N. (2022),2022,2,37
3177,Lo S.-W. (2021),2021,2,20
3179,Dwarakanath L. (2021),2021,15,70
3180,Garg A. (2022),2022,4,8
3186,Yar H. (2022),2022,6,104
3188,Clevenger A. (2022),2022,0,4
3189,Yuan X. (2021),2021,6,16
3190,Romascanu A. (2020),2020,2,28
3192,Shiru M.S. (2020),2020,1,26
3194,Devaraj J. (2021),2021,7,36
3197,Dong Z. (2021),2021,8,120
3198,Vlachos K. (2022),2022,0,4
3202,Khosravi K. (2020),2020,13,176
3205,Okada G. (2021),2021,4,11
3206,Wang Z. (2021),2021,0,45
3207,Rahman M.A. (2021),2021,3,18
3208,Tang W. (2021),2021,1,14
3209,Behl S. (2021),2021,9,93
3210,Mateo-Garcia G. (2021),2021,23,187
3212,Rahaman M. (2021),2021,2,22
3213,Sundaram B.M. (2022),2022,0,5
3215,Otake R. (2020),2020,2,31
3216,Li B. (2022),2022,1,35
3220,Yang K. (2022),2022,6,21
3223,Zheng X. (2021),2021,3,39
3225,Munawar H.S. (2021),2021,4,74
3227,ALRashdi R. (2022),2022,0,0
3229,Talreja P. (2021),2021,2,6
3230,Dai W. (2021),2021,2,18
3235,Wu X. (2020),2020,4,38
3238,Pham B.T. (2021),2021,19,193
3239,Xu W. (2020),2020,2,24
3242,Sahana M. (2022),2022,0,46
3243,Kao I.-F. (2021),2021,11,103
3245,Xu Y.J. (2021),2021,0,0
3246,Cheng C.-S. (2021),2021,27,112
3247,Oludare V. (2021),2021,0,11
3248,Vasquez R. (2021),2021,0,1
3251,Hao H. (2020),2020,19,110
3252,Zhu Z. (2021),2021,0,28
3253,Ahadzadeh S. (2021),2021,2,13
3256,Kinzhikeyev S. (2020),2020,0,8
3257,Hussain M.L. (2021),2021,0,30
3258,He Q. (2021),2021,9,101
3259,Gopal L.S. (2020),2020,10,33
3264,Sebatli-Saglam A. (2022),2022,0,4
3265,Khajwal A.B. (2021),2021,0,3
3266,Liu D. (2021),2021,0,22
3272,Berawi M.A. (2021),2021,4,26
3273,Jamali A. (2021),2021,1,10
3274,Park S.-J. (2021),2021,3,27
3277,Guo Q. (2021),2021,0,28
3278,Rabby Y.W. (2022),2022,4,51
3279,Qadir Z. (2021),2021,7,272
3280,Yao F. (2020),2020,5,65
3284,Liu W. (2021),2021,0,3
3286,Hanif M. (2021),2021,2,7
3287,Montello F. (2022),2022,10,40
3288,Wei J. (2022),2022,2,5
3290,Munawar H.S. (2021),2021,32,164
3292,Micheli L. (2021),2021,0,0
3294,Guo W.-D. (2021),2021,2,32
3297,Liu H. (2021),2021,2,25
3298,Purushotham P. (2022),2022,3,16
3305,Mallick J. (2021),2021,4,64
3307,Sun W. (2020),2020,76,388
3308,Lenka S. (2022),2022,2,5
3310,Cheng C.-S. (2021),2021,0,3
3311,Wang H. (2022),2022,2,24
3313,Wang L. (2022),2022,1,3
3314,Zheng Y.-J. (2022),2022,1,27
3316,Jiang X. (2021),2021,13,100
3318,Singh G. (2021),2021,0,26
3320,Pourghasemi H.R. (2021),2021,3,42
3322,Acharya V. (2022),2022,2,12
3325,Gao X. (2021),2021,7,76
3327,Goncalves S.P. (2022),2022,0,1
3328,He Q. (2021),2021,8,92
3329,Merenda M. (2020),2020,0,3
3330,Akinci H. (2021),2021,10,90
3332,Yang Q. (2021),2021,3,7
3333,Xing Z. (2021),2021,2,45
3335,Hashemi-Beni L. (2021),2021,20,104
3341,He Y. (2022),2022,1,11
3345,Calantropio A. (2021),2021,7,39
3347,Skulimowski A.M.J. (2021),2021,1,10
3348,Li H. (2021),2021,3,25
3350,Ahmed H. (2022),2022,2,12
3353,Catani F. (2021),2021,17,123
3357,Ramu P. (2022),2022,0,3
3359,Gupta A. (2021),2021,8,71
3360,Liu L.-L. (2022),2022,3,31
3361,Cruz Ulloa C. (2021),2021,2,56
3363,Jena R. (2021),2021,7,59
3364,Jiang Z. (2021),2021,2,7
3365,Shakeel M. (2021),2021,4,25
3366,Hassan M.M. (2020),2020,5,43
3367,Detera B.J. (2021),2021,2,10
3368,Lin Q. (2022),2022,6,48
3369,Xu Y. (2022),2022,10,117
3370,Jamali M. (2020),2020,1,26
3371,Liu C. (2020),2020,2,21
3372,Ofli F. (2022),2022,3,8
3374,Palliyaguru S.T. (2020),2020,1,5
3375,Galanis M. (2021),2021,5,18
3379,Valentijn T. (2020),2020,25,81
3381,Kanimozhi T. (2022),2022,2,9
3382,Qian Y. (2021),2021,1,20
3383,Bhavana P.R. (2021),2021,0,1
3384,Izquierdo-Horna L. (2021),2021,0,0
3386,Abraham S. (2022),2022,3,12
3387,Scharvogel D. (2020),2020,2,17
3389,Ghaffarian S. (2021),2021,1,26
3391,Mamatha N.P. (2022),2022,0,1
3392,Hao C. (2021),2021,4,39
3395,Ngo P.-T.T. (2021),2021,1,60
3396,Assery N. (2020),2020,1,4
3397,Tan L. (2021),2021,17,108
3400,Lin A. (2020),2020,13,102
3401,Iyer R. (2021),2021,0,1
3402,Kavzoglu T. (2021),2021,2,51
3403,Rizk H. (2022),2022,2,35
3404,Contreras D. (2021),2021,1,0
3405,Desantis Z.J. (2020),2020,1,4
3408,Zaryabi E.H. (2022),2022,1,2
3409,Zhang P. (2021),2021,5,93
3412,Zhao K. (2022),2022,5,21
3415,Xu S. (2021),2021,3,80
3417,Yadav R. (2022),2022,6,31
3418,Moya L. (2022),2022,3,10
3419,Tran D.Q. (2020),2020,8,72
3420,Asif A. (2021),2021,12,51
3422,Yokoya N. (2022),2022,3,58
3426,Xiu H. (2020),2020,4,18
3427,Park S. (2021),2021,2,45
3428,Khan S. (2021),2021,2,139
3429,Zheng Z. (2021),2021,44,481
3430,Arapostathis S.G. (2021),2021,1,1
3432,Luo S. (2021),2021,1,4
3433,Li W. (2021),2021,0,0
3434,Li Y. (2020),2020,4,30
3435,Christidou A.N. (2022),2022,1,4
3436,Shen D. (2021),2021,0,1
3439,Muszynski M. (2022),2022,5,11
3443,Moishin M. (2021),2021,10,173
3444,Munawar H.S. (2021),2021,21,115
3445,Harirchian E. (2020),2020,6,64
3449,Chu J. (2021),2021,0,9
3451,Chikaraishi M. (2020),2020,3,61
3454,Dong S. (2021),2021,5,51
3455,Chen J. (2021),2021,20,192
3456,Wang X. (2021),2021,6,53
3459,Gholami S. (2022),2022,6,20
3461,Gao O. (2022),2022,2,16
3462,Goyal R. (2021),2021,0,28
3464,Dong Z.S. (2021),2021,9,73
3466,Xu L. (2021),2021,2,25
3467,Mudassir G. (2021),2021,1,8
3468,Kutlug Sahin E. (2021),2021,4,60
3471,Bocanegra M.G. (2021),2021,2,4
3472,Gebrehiwot A. (2022),2022,1,10
3476,Sajjad M. (2021),2021,1,54
3477,Kapilaratne R.G.C.J. (2020),2020,0,4
3478,Abujayyab S.K.M. (2022),2022,2,33
3479,Havas C. (2021),2021,6,35
3480,Jones S. (2021),2021,2,54
3483,Hidayanto N. (2021),2021,0,6
3484,Prakash N. (2021),2021,14,96
3485,Abid S.K. (2021),2021,32,212
3487,Berezina P. (2022),2022,10,35
3492,Dyke S.J. (2021),2021,2,3
3493,Sharifi A. (2021),2021,4,63
3496,Pereira J. (2020),2020,11,39
3497,Abedi R. (2022),2022,15,245
3498,Mangalathu S. (2020),2020,2,62
3499,Tilon S. (2020),2020,12,62
3500,Xu G. (2017),2017,0,1
3503,Gul M. (2016),2016,6,39
3504,Khan A. (2020),2020,24,306
3505,Vereshchaka A. (2019),2019,2,11
3506,Rashidian V. (2019),2019,0,8
3507,Zhu Q. (2020),2020,5,65
3511,Logar T. (2020),2020,1,19
3512,Kyrkou C. (2020),2020,20,218
3516,Xu Y. (2020),2020,3,1
3520,Dotel S. (2020),2020,6,33
3523,Song D. (2020),2020,15,62
3525,Velev D. (2018),2018,2,15
3531,Munawar H.S. (2020),2020,4,128
3533,Tehrany M.S. (2019),2019,3,165
3538,Sermet Y. (2020),2020,1,47
3542,Yeum C.M. (2017),2017,0,6
3543,Pi Y. (2020),2020,5,13
3549,Wang J.-H. (2019),2019,3,67
3550,Said N. (2018),2018,2,5
3551,Ofli F. (2020),2020,19,58
3554,Vetrivel A. (2018),2018,40,303
3556,Wang X. (2018),2018,2,121
3558,Yan Y. (2020),2020,1,8
3559,Chin T.-L. (2019),2019,4,37
3560,Pangali Sharma T.P. (2019),2019,3,87
3562,Burris J.W. (2015),2015,3,15
3563,Aqib M. (2020),2020,1,31
3564,Dao M.-S. (2018),2018,1,12
3571,Gebrehiwot A. (2020),2020,2,15
3572,Bai Y. (2018),2018,22,99
3576,Ochoa K.S. (2020),2020,0,1
3577,Gupta A. (2019),2019,1,10
3579,Attari N. (2017),2017,2,46
3583,Konishi T. (2018),2018,1,5
3584,Chen B. (2018),2018,8,97
3585,Cao Y. (2017),2017,7,86
3586,Ganapathy H. (2019),2019,1,1
3588,Ghaffarian S. (2019),2019,19,70
3590,Wieland M. (2019),2019,0,8
3594,Sachdeva S. (2018),2018,9,133
3597,Robertson B.W. (2019),2019,12,57
3598,Bai Y. (2018),2018,18,94
3599,Gebrehiwot A. (2019),2019,34,201
3601,Ortiz B. (2020),2020,6,4
3602,Yan J. (2018),2018,5,89
3603,Shao J. (2020),2020,4,37
3605,Paul U. (2020),2020,2,30
3608,Wieland M. (2019),2019,6,201
3610,Mudassir G. (2020),2020,3,8
3611,Zhu J. (2019),2019,2,24
3614,Wang C. (2020),2020,1,9
3615,Wagenaar D. (2020),2020,13,80
3616,Wang R. (2018),2018,5,41
3618,Jamali M. (2019),2019,14,122
3619,Tian W. (2020),2020,3,33
3620,Alizadeh M. (2018),2018,7,108
3622,Potnis A.V. (2019),2019,1,13
3623,Song X. (2017),2017,6,56
3625,Rizeei H.M. (2019),2019,2,44
3631,Sun W. (2019),2019,0,6
3635,Liu Y. (2018),2018,1,20
3636,Pawluszek K. (2018),2018,4,38
3638,Rosellini A.J. (2018),2018,1,61
3639,Shihabudheen K.V. (2017),2017,2,43
3644,Nandi I. (2017),2017,5,76
3645,Naito S. (2018),2018,2,6
3646,Feng Y. (2018),2018,17,85
3647,Nijhawan R. (2019),2019,1,15
3648,Halgamuge M.N. (2020),2020,4,65
3650,Koshimura S. (2020),2020,13,79
3652,Wu W. (2019),2019,1,33
3653,Domala J. (2020),2020,9,39
3654,Hao H. (2020),2020,4,6
3655,Khan T.A. (2018),2018,2,13
3656,Szczyrba L. (2020),2020,0,6
3662,Wang R.-Q. (2020),2020,8,32
3665,Tonn G.L. (2016),2016,1,29
3666,Akshya J. (2019),2019,11,51
3667,Sulistijono I.A. (2018),2018,2,25
3668,Sit M.A. (2019),2019,19,98
3670,Kuradusenge M. (2020),2020,3,65
3671,Zhao G. (2018),2018,28,346
3672,Zhang X. (2019),2019,3,98
3673,Mangalathu S. (2020),2020,31,271
3675,Salluri D.K. (2020),2020,6,15
3676,Yi Y. (2020),2020,30,140
3678,Meng Z. (2019),2019,6,22
3684,Dasgupta A. (2018),2018,9,92
3685,Hong H. (2018),2018,20,386
3688,Sun W. (2018),2018,2,39
3693,Alam F. (2018),2018,10,39
3694,Wang Y. (2020),2020,20,242
3695,Li Y. (2019),2019,18,89
3696,Ma H. (2020),2020,11,86
3699,Bai H. (2016),2016,4,82
3702,Yu B. (2017),2017,2,35
3704,Bonafilia D. (2020),2020,45,231
3705,Bagloee S.A. (2019),2019,7,24
3707,Yadav D.K. (2019),2019,1,29
3711,Chang M.-J. (2018),2018,9,65
3712,Eisenberg D. (2019),2019,1,31
3713,Maidment D.R. (2017),2017,2,122
3714,Ishii Y. (2018),2018,1,14
3716,Yuan R. (2019),2019,1,5
3717,Ullo S.L. (2019),2019,4,38
3718,Pollino M. (2020),2020,0,12
3719,Gibson M.J. (2019),2019,0,0
3720,Ji Y. (2018),2018,3,19
3723,Sghaier M.O. (2019),2019,0,0
3724,Yu M. (2019),2019,19,113
3727,Albano R. (2018),2018,2,32
3729,Zhang D.Y. (2019),2019,2,5
3736,Khan T.A. (2017),2017,5,16
3737,Moayedi H. (2020),2020,1,26
3738,Xing H. (2020),2020,3,26
3741,Wu K. (2020),2020,1,21
3742,Chen F. (2018),2018,16,84
3745,Lenjani A. (2020),2020,5,49
3747,Longhini J. (2017),2017,3,8
3750,Wen T. (2017),2017,0,73
3751,Zhang D. (2020),2020,1,32
3753,Lin Y.-T. (2020),2020,4,30
3757,Alam F. (2020),2020,6,98
3758,Kemavuthanon K. (2020),2020,1,9
3759,Liu S. (2019),2019,2,11
3760,Resch B. (2018),2018,32,197
3762,Chen S. (2020),2020,5,44
3765,Sangeetha K. (2019),2019,1,1
3768,Li Z. (2019),2019,0,32
3771,Amit S.N.K.B. (2017),2017,19,109
3772,Nguyen V.-T. (2019),2019,4,52
3775,Xiong C. (2020),2020,18,143
3776,Feng Y. (2018),2018,5,8
3778,Nag S. (2020),2020,4,5
3782,Miura H. (2020),2020,23,81
3783,Liu D. (2020),2020,5,153
3784,Alam F. (2017),2017,27,119
3787,Munawar H.S. (2019),2019,5,18
3789,Thompson M.P. (2019),2019,3,62
3790,Joshi A.R. (2017),2017,8,22
3791,Bischke B. (2017),2017,10,43
3793,Munawar H.S. (2020),2020,6,44
3796,Akshya J. (2020),2020,2,12
3798,Katti A. (2020),2020,1,4
3799,Arvind C.S. (2016),2016,3,12
3801,Lee M.-F.R. (2020),2020,7,34
3802,Rahmati O. (2017),2017,8,147
3803,Fersini E. (2017),2017,2,22
3804,Nunavath V. (2018),2018,6,38
3805,Wagner J. (2020),2020,2,9
3809,Guikema S. (2020),2020,7,71
3811,Pan X. (2020),2020,11,120
3813,Adel G. (2019),2019,0,7
3814,Lomax A. (2019),2019,5,147
3815,Ofli F. (2016),2016,17,146
3816,Ashrit R. (2020),2020,2,38
3819,Han X. (2019),2019,5,71
3820,Subeesh A. (2019),2019,1,9
3822,Singh D. (2020),2020,2,7
3823,Graf D. (2018),2018,0,16
3824,Pekar V. (2020),2020,3,42
3825,Nemni E. (2020),2020,29,176
3827,Amadio M. (2019),2019,2,101
3828,Sublime J. (2019),2019,18,133
3831,Sajjad M. (2020),2020,2,47
3832,Chen W. (2020),2020,41,457
3833,Boge M. (2020),2020,1,4
3835,Layek A.K. (2020),2020,0,5
3836,Zhu X. (2020),2020,0,29
3837,Wu Y. (2020),2020,23,359
3839,Alipour A. (2020),2020,10,80
3841,Khan T.A. (2020),2020,3,27
3844,Wang X. (2020),2020,1,22
3845,Zhao F. (2020),2020,5,24
3847,Chaudhuri N. (2020),2020,17,81
3849,Kyrkou C. (2019),2019,19,149
3850,Anbalagan B. (2017),2017,1,21
3852,Kim Y. (2020),2020,0,1
3854,Aghdam I.N. (2017),2017,1,74
3855,Kerle N. (2019),2019,1,16
3856,Ivic M. (2019),2019,6,35
3857,Zhang D.Y. (2019),2019,9,78
3858,Jones S. (2019),2019,0,7
3861,Sun A.Y. (2019),2019,5,485
3863,Yingwei Y. (2020),2020,0,10
3868,Merenda M. (2019),2019,2,41
3870,Sarker C. (2019),2019,13,63
3871,Ganguly K.K. (2019),2019,13,55
3875,Piscini A. (2017),2017,2,13
3878,Reynard D. (2019),2019,12,76
3880,Kavzoglu T. (2020),2020,0,2
3882,Kim T. (2020),2020,3,67
3883,Yeum C.M. (2018),2018,10,127
3887,Bai Y. (2017),2017,8,43
3889,Ji M. (2019),2019,23,100
3892,Graf D. (2020),2020,0,1
3893,Rodrigues M. (2019),2019,2,49
3894,Wieland M. (2019),2019,15,102
3900,Zekkos D. (2019),2019,2,6
3902,Layek A.K. (2019),2019,7,17
3905,Bragagnolo L. (2020),2020,6,107
3908,Chen G. (2020),2020,2,28
3911,Tien Bui D. (2016),2016,17,304
3912,Tu J. (2017),2017,8,47
3913,Imran M. (2016),2016,27,216
3915,Sheykhmousa M. (2019),2019,6,58
3916,Balis B. (2017),2017,1,10
3917,Wagh V.K. (2020),2020,0,3
3921,Chen J. (2019),2019,3,46
3923,Kabir Md.Y. (2019),2019,5,47
3924,Saha S. (2018),2018,1,21
3925,Huang X. (2020),2020,3,16
3927,Jena R. (2020),2020,14,137
3928,Yabe T. (2019),2019,4,35
3929,Rudner T.G.J. (2019),2019,23,104
3931,Arinta R.R. (2019),2019,16,59
3935,Yu B. (2017),2017,4,11
3937,Yasin Kabir M. (2020),2020,0,19
3938,Grunder-Fahrer S. (2018),2018,7,34
3940,Tanzi T.J. (2019),2019,1,15
3944,Naga Pavan Srivathsav C. (2019),2019,0,3
3946,Alam F. (2018),2018,6,68
3948,Pi Y. (2020),2020,39,286
3949,Liu S. (2016),2016,1,40
3952,Ochoa K.S. (2020),2020,0,0
3953,Islam K.A. (2020),2020,10,57
3955,Ramchurn S.D. (2016),2016,4,68
3956,Cooner A.J. (2016),2016,47,206
3957,Samuael S.J. (2019),2019,1,3
3958,Imran M. (2016),2016,7,19
3959,Khan T.A. (2018),2018,1,10
3960,Gautam A.K. (2019),2019,13,56
3961,Yuan F. (2020),2020,6,48
3962,Matsuoka M. (2018),2018,2,4
3963,Li W. (2018),2018,1,30
3965,Shashaani S. (2018),2018,2,42
3966,Ma G. (2019),2019,0,2
3967,Wheeler B.J. (2020),2020,9,36
3968,Fan C. (2020),2020,21,120
3969,Jiang F.-Z. (2017),2017,3,10
3971,Ghosh Mondal T. (2020),2020,7,155
3972,Mohammadi M.E. (2019),2019,3,26
3974,Zaki U.H.H. (2017),2017,0,9
3975,Pouyanfar S. (2019),2019,3,43
3978,Presa-Reyes M. (2020),2020,10,26
3979,Fotovatikhah F. (2018),2018,9,330
3982,Jung D. (2020),2020,11,103
3984,Shahabi H. (2020),2020,22,331
3985,Aqib M. (2018),2018,3,56
3986,Novikov G. (2018),2018,5,33
3988,Kiatpanont R. (2016),2016,2,22
3989,Nair M.R. (2017),2017,5,69
3991,Huang J. (2020),2020,5,28
3998,Yeum C.M. (2016),2016,4,21
3999,Maes J. (2019),2019,1,21
4006,Dou J. (2015),2015,2,68
4008,Byun Y. (2015),2015,2,66
4009,Dumitru C.O. (2015),2015,2,38
4010,Jebur M.N. (2015),2015,2,90
4011,Meier P. (2015),2015,6,367
4015,Lian C. (2015),2015,2,144
4019,Yin J. (2015),2015,4,92
4021,Huang Q. (2015),2015,4,41
4030,Youssef A.M. (2015),2015,8,159
4031,Song X. (2015),2015,3,32
4038,Kim S.-W. (2015),2015,4,93
